Region code,Region name ,Local authority code,Local authority name,2002,2003,2004,2005,2006,2007,2008,2009,2010,2011,2012,2013,2014,2015,2016,2017,2018,2019,2020,2021,2022
E12000001,North East,E06000001,Hartlepool,2.86,3.02,2.82,2.86,4.14,4.63,4.7,3.98,4.75,4.32,3.98,4.79,4.69,4.74,4.62,4.82,4.6,4.9,4.54,4.87,3.96
E12000001,North East,E06000002,Middlesbrough,2.83,2.65,3.74,4.23,5.17,5.4,4.58,5.17,5.12,4.98,4.62,4.98,5.28,5.05,5.25,5.18,5.23,5.18,5.07,5.3,4.49
E12000001,North East,E06000003,Redcar and Cleveland,2.83,3.95,4.37,4.67,5.66,5.52,5.71,4.98,5.57,4.74,5.19,4.8,4.9,5,5.33,5.12,5.37,5.03,5.06,5.84,5.01
E12000001,North East,E06000004,Stockton-on-Tees,3.33,4.03,4.54,4.99,5.53,5.64,5.44,5,5.32,4.95,5.07,4.79,5.09,5.07,4.86,5.37,5.43,4.97,5.14,5.63,4.79
E12000001,North East,E06000005,Darlington,3.42,4.06,5.12,5.97,5.94,5.45,5.88,5.46,5.45,5.16,5.26,5.34,4.76,5.18,4.84,4.96,5.26,5.05,5.55,5.21,4.81
E12000001,North East,E06000047,County Durham,:,3.32,4.25,4.77,5.28,5.11,5.12,4.68,4.84,4.38,4.2,4.36,4.46,4.45,4.44,4.44,4.44,4.39,4.25,4.62,3.97
E12000001,North East,E06000057,Northumberland,:,4.42,5.31,5.72,6.14,6.33,6.39,5.59,5.76,5.49,5.59,5.46,5.86,6.17,5.95,5.9,6.01,6.16,5.95,6.54,5.52
E12000001,North East,E08000021,Newcastle upon Tyne,3.94,4.84,6.11,5.95,6.54,6.82,6.52,5.98,6.28,6.13,5.61,5.66,5.56,5.68,5.83,5.84,5.94,5.89,5.68,6.14,5.65
E12000001,North East,E08000022,North Tyneside,3.45,4.61,5.59,5.98,6.32,6.43,5.91,5.38,5.9,5.52,5.57,5.67,5.86,6.02,5.94,5.92,5.9,5.89,5.79,6.37,5.59
E12000001,North East,E08000023,South Tyneside,2.7,3.18,4.58,5.02,5.2,5.59,5.31,4.77,5.06,4.7,4.56,4.77,5.02,5.31,5.56,5.26,5.48,5.24,5.09,5.47,4.75
E12000001,North East,E08000024,Sunderland,3.31,3.93,4.89,5.16,5.36,5.45,5.39,4.87,4.92,4.75,4.77,4.64,4.76,4.87,4.77,5.02,4.95,5.11,4.81,5.61,4.72
E12000001,North East,E08000037,Gateshead,3.36,4.25,5.12,5.24,6.06,5.98,5.73,5.42,5.2,5.11,4.76,5.07,4.98,5.21,5.19,5.04,5.24,5.28,5.34,5.56,4.71
E12000002,North West,E06000006,Halton,3.17,4.1,4.58,5.6,5.83,5.38,5.25,5.19,5.47,4.96,4.83,4.8,4.96,5.01,5.34,5.24,5.07,5.33,5,5.62,4.98
E12000002,North West,E06000007,Warrington,4.39,4.86,5.82,6,5.43,6.13,5.49,5.32,5.66,5.7,5.56,5.83,5.95,5.81,6,6.21,5.85,6.15,6.65,7.32,7.09
E12000002,North West,E06000008,Blackburn with Darwen,2.38,2.68,3.24,3.74,4.09,4.51,4.99,4.24,4.28,4.41,4.47,4.39,4.29,4.88,4.57,4.64,5.12,4.86,5.09,5.4,4.74
E12000002,North West,E06000009,Blackpool,3.51,3.94,5.11,5.74,6.19,6.06,6.16,5.16,5.65,5.14,4.92,4.74,5.04,4.76,4.9,4.86,4.79,4.6,4.81,5.51,5.28
E12000002,North West,E06000049,Cheshire East,:,5.33,6.01,5.92,6.38,6.62,6.63,5.98,6.73,6.43,6.33,6.33,6.5,6.9,7.02,7.5,7.78,7.45,7.36,8.49,7.39
E12000002,North West,E06000050,Cheshire West and Chester,:,4.79,5.63,6.03,6.42,6.3,6.25,5.58,5.72,5.97,5.86,5.89,6.07,6.37,6.42,6.7,6.65,6.46,6.69,7.27,6.87
E12000002,North West,E07000026,Allerdale,3.05,3.69,4.6,4.76,5.46,6.11,5.75,5.45,5.32,5.78,5.73,5.45,5.25,5.62,4.88,5.31,5.49,5.41,4.9,4.94,4.58
E12000002,North West,E07000027,Barrow-in-Furness,2.27,2.5,2.99,3.52,3.69,4.05,4.13,3.79,3.92,3.84,3.68,3.62,3.38,4.23,4.44,3.98,3.66,4.01,3.58,4.17,4.47
E12000002,North West,E07000028,Carlisle,3.08,3.91,4.74,5.01,5.54,5.74,5.51,5.59,5.57,5.46,5.47,5.41,5.61,5.44,5.74,5.69,5.79,5.48,5.01,6.03,4.79
E12000002,North West,E07000029,Copeland,1.74,1.95,2.48,3.05,3.41,3.29,3.32,3.23,3.5,3.59,3.18,3,3,2.95,3.24,2.97,2.77,3.77,2.88,3.22,3.59
E12000002,North West,E07000030,Eden,4.94,6.17,9.34,8.78,8.92,8.72,8.25,9.02,9.2,8.11,7.77,6.72,7.67,7.68,7.63,7.38,8.37,7.22,6.52,7.26,8.06
E12000002,North West,E07000031,South Lakeland,5.27,6.58,7.32,8.05,8.54,8.65,8.79,7.47,7.97,8.27,7.85,7.24,7.58,8.05,7.35,8.04,7.65,8.4,8.43,8.84,8.41
E12000002,North West,E07000117,Burnley,1.64,1.59,1.99,2.24,3,3.86,3.71,3.61,3.54,3.49,3.31,3.12,3.77,3.45,3.69,3.7,3.63,3.31,3.95,4.33,4.17
E12000002,North West,E07000118,Chorley,3.78,4.47,5.82,5.99,6.08,6.11,5.95,5.73,6.21,6.06,5.83,6.28,6.16,6.25,5.93,6.26,5.47,5.47,5.75,5.74,5.64
E12000002,North West,E07000119,Fylde,3.91,4.79,5.92,6.18,7.17,6.75,6.1,5.8,5.86,5.46,5.6,5.72,5.4,7.22,7.04,6.56,6.06,6.28,6.28,7.29,6.63
E12000002,North West,E07000120,Hyndburn,2.4,2.4,3.41,3.9,4.55,5.02,5.05,4,3.92,3.73,4.22,4.13,3.97,4.01,4.25,4.01,4.42,4.07,4.43,4.37,4.48
E12000002,North West,E07000121,Lancaster,2.94,3.84,4.71,5.35,5.5,5.26,5.37,4.87,5.26,4.78,5.27,4.55,4.9,5.31,5.45,5.47,5.72,5.5,5.49,5.81,5.79
E12000002,North West,E07000122,Pendle,2.18,2.29,2.96,3.2,3.9,4.55,4.31,3.98,3.92,3.77,3.75,3.75,3.69,3.7,3.95,4.04,3.85,4.07,4.58,5.78,4.84
E12000002,North West,E07000123,Preston,3.01,3.35,4.67,5.45,6.24,5.87,5.58,4.96,5.41,5.12,5.41,5.42,5.45,5.38,5.26,5.77,5.56,5.56,5.66,6.09,5.54
E12000002,North West,E07000124,Ribble Valley,4.05,5.46,6.59,6.62,7.68,7.38,7.3,6.49,7.25,7.08,6.79,6.78,6.66,7.16,7.37,7.69,6.98,7.08,6.99,7.61,7.22
E12000002,North West,E07000125,Rossendale,2.94,3.37,4.13,4.71,4.75,5.37,4.83,4.72,5.11,4.5,4.38,4.91,5.12,5.15,5.12,5.56,5.2,5.17,5.25,5.86,5.65
E12000002,North West,E07000126,South Ribble,3.58,4.48,5.77,5.99,5.92,6.1,5.58,5.44,5.71,5.63,5.42,5.43,5.72,5.87,5.77,5.79,5.88,5.89,5.84,6.58,5.99
E12000002,North West,E07000127,West Lancashire,4.09,4.88,5.88,6.07,6.23,6.4,6.45,6.48,6.48,5.89,6.32,6.25,6.59,6.45,6.48,6.33,6.19,6.79,6.4,7.65,6.57
E12000002,North West,E07000128,Wyre,3.91,4.46,5.36,5.91,6.17,7.51,6.44,6.48,6.38,5.91,4.98,5.27,5.49,5.13,5.89,5.93,6.15,5.85,6.06,6.17,5.53
E12000002,North West,E08000001,Bolton,2.96,3.25,4.09,4.79,5.5,5.42,5.33,4.71,4.93,4.68,4.63,4.63,4.96,5,5.04,5.21,5.3,5.16,5.36,6.03,6.02
E12000002,North West,E08000002,Bury,3.24,3.72,4.4,5.11,5.43,5.36,5.1,4.84,4.92,4.62,4.76,4.72,5.04,5.27,5.34,5.7,5.59,5.85,5.58,6.79,6.66
E12000002,North West,E08000003,Manchester,3.75,4.07,4.9,5.56,6.27,6.21,5.92,5.22,5.4,5.65,5.15,5.06,5.49,5.63,6.12,6.42,6.49,6.76,6.93,8,7.91
E12000002,North West,E08000004,Oldham,2.89,3.22,3.76,4.5,5.04,5.31,5.32,4.89,5.13,4.75,4.85,4.98,5.01,5.14,5.07,5.1,5.2,5.32,5.37,6.16,6.44
E12000002,North West,E08000005,Rochdale,2.93,3.29,3.99,4.52,4.81,5.14,4.76,4.2,4.66,4.5,4.55,4.82,5.1,5.14,5.12,5.18,5.22,5.33,5.37,6.63,6.1
E12000002,North West,E08000006,Salford,2.93,3.68,4.51,5.06,5.31,5.65,5.46,5.03,4.89,4.86,4.7,4.85,4.97,5.14,5.4,6.05,6.23,6.12,6.27,7.33,7.07
E12000002,North West,E08000007,Stockport,4.44,5.38,6.13,6.33,6.38,6.35,6.79,5.96,6.17,6.17,5.98,5.85,6.08,6.55,6.92,7.06,7.09,6.98,6.91,9.03,7.89
E12000002,North West,E08000008,Tameside,2.95,3.66,4.44,4.87,5.58,5.9,5.58,4.82,5.04,5.03,4.62,4.88,5.29,5.32,5.44,5.56,5.74,5.76,6,6.32,6.39
E12000002,North West,E08000009,Trafford,5.18,5.92,6.42,6.7,6.86,6.71,6.6,6.24,6.43,6.51,6.15,6.24,6.67,6.99,6.75,7.71,7.57,8.01,8.06,9.17,9.13
E12000002,North West,E08000010,Wigan,2.95,3.48,4.4,4.74,5.23,5.41,5.18,4.75,4.79,4.58,4.62,4.28,4.69,4.7,4.61,4.82,4.99,5.37,5.11,5.27,5.65
E12000002,North West,E08000011,Knowsley,3.57,3.77,5.06,6,6.06,5.56,5.58,4.75,4.72,4.53,4.55,4.72,4.66,4.95,4.77,4.88,4.95,5.8,5.58,5.55,5.34
E12000002,North West,E08000012,Liverpool,3.12,3.48,4.5,4.89,5.45,5.6,5.23,4.95,4.79,4.64,4.68,4.51,4.46,4.67,4.62,4.77,4.76,4.41,4.25,5.22,4.9
E12000002,North West,E08000013,St. Helens,3.43,3.75,4.76,5.41,5.57,5.85,5.26,4.7,4.77,4.31,4.37,4.44,4.94,4.57,4.92,5.24,5.03,4.69,5.06,5.36,4.74
E12000002,North West,E08000014,Sefton,4.05,4.8,5.9,5.99,6.57,6.49,6.19,6.24,6.27,5.93,5.56,5.33,5.8,6.02,6.21,6.02,5.88,6.18,5.99,6.6,6.45
E12000002,North West,E08000015,Wirral,3.47,4,4.9,5.08,5.63,5.97,5.8,5.22,5.18,5.28,5.29,5.05,5.08,5.05,5.32,5.62,5.77,5.6,5.71,6.61,5.97
E12000003,Yorkshire and The Humber,E06000010,"Kingston upon Hull, City of",2.38,2.8,3.34,3.58,4.23,4.51,4.37,4.1,4.32,4.18,4,4.04,4.39,4.41,4.45,4.97,4.75,4.71,4.83,4.84,4.83
E12000003,Yorkshire and The Humber,E06000011,East Riding of Yorkshire,3.69,4.42,5.53,5.55,5.63,5.55,5.47,4.93,5.28,5.24,5.33,5.24,5.41,5.82,5.93,6.18,6.09,5.98,6,6.92,6.2
E12000003,Yorkshire and The Humber,E06000012,North East Lincolnshire,2.76,2.88,3.89,4.08,4.7,5.08,5.03,4.48,5.11,4.74,4.52,4.43,5.02,4.98,4.66,5.51,5,4.84,4.79,5.35,5.04
E12000003,Yorkshire and The Humber,E06000013,North Lincolnshire,2.59,3.35,4.23,4.29,4.64,4.76,4.99,4.82,4.7,4.38,4.28,4.2,4.36,4.4,4.54,4.86,4.83,5.01,4.97,5.55,5.4
E12000003,Yorkshire and The Humber,E06000014,York,5.18,6.2,6.49,6.71,7.19,7.03,7.05,6.28,7.02,6.88,6.7,6.53,7.27,8.2,8.31,8.76,8.81,8.52,8.32,8.87,8.92
E12000003,Yorkshire and The Humber,E07000163,Craven,4.78,5.64,6.06,7.03,7.84,8.19,6.32,6.68,6.92,7.34,7.4,7.31,7.29,7.83,8.16,8.2,7.81,8.45,8.84,9.13,8.29
E12000003,Yorkshire and The Humber,E07000164,Hambleton,6,6.82,8.62,8.52,8.23,8.88,8.6,7.32,8.36,8.16,7.93,7.91,8.57,8.49,7.92,8.64,8.1,8.15,7.85,9.48,8.26
E12000003,Yorkshire and The Humber,E07000165,Harrogate,6.18,7.43,7.51,7.81,8.42,8.73,8.77,7.25,8.22,8.27,8.6,8,8.27,8.87,8.86,8.83,8.84,8.19,9.18,9.83,9.28
E12000003,Yorkshire and The Humber,E07000166,Richmondshire,4.81,6.69,7.38,7.79,8.25,8.13,8.52,7.87,8.66,7.75,6.74,7.5,7.43,6.94,6.64,7.74,7.3,6.76,8.02,9.24,7.82
E12000003,Yorkshire and The Humber,E07000167,Ryedale,6.14,7.84,9.42,10.44,10.02,10.42,9.73,7.51,8.84,9.27,8.83,8.49,8.21,8.58,8.93,9.44,9.13,8.4,8.92,9.59,10.21
E12000003,Yorkshire and The Humber,E07000168,Scarborough,4.1,4.89,6.34,6.86,7.31,7.19,6.97,6.23,6.43,6.23,5.82,5.9,5.9,5.65,5.85,6.07,6.3,6.19,6.2,6.56,6.59
E12000003,Yorkshire and The Humber,E07000169,Selby,4.13,5.67,6.46,6.83,6.35,6.83,6.64,5.66,5.81,5.83,6.03,5.95,5.77,5.97,6.23,6.42,6.47,6.37,6.22,6.91,7.24
E12000003,Yorkshire and The Humber,E08000016,Barnsley,2.66,3.23,4.2,4.62,4.99,5.36,4.88,4.09,4.38,4.28,4.43,4.32,4.44,4.49,4.81,4.86,5.12,5.1,4.97,5.41,5.29
E12000003,Yorkshire and The Humber,E08000017,Doncaster,2.77,3.53,4.61,5.1,5.17,5.37,5.04,4.65,4.9,4.64,4.59,4.53,4.68,5.18,5.08,5.22,4.74,4.8,4.76,5.35,4.96
E12000003,Yorkshire and The Humber,E08000018,Rotherham,3.03,3.6,4.38,4.85,5.41,5.39,5.54,4.99,5.13,4.84,4.99,4.94,5.34,5.2,5.43,5.16,5.32,5.32,5.14,6.2,5.66
E12000003,Yorkshire and The Humber,E08000019,Sheffield,3.56,4.25,5.08,5.31,5.61,5.81,5.45,5.09,5.3,5.16,5.11,5.08,5.34,5.46,5.37,5.58,5.68,5.63,5.96,5.99,6.01
E12000003,Yorkshire and The Humber,E08000032,Bradford,3.12,3.67,4.51,5.1,5.82,6.22,6.08,5.41,5.39,5.54,5.18,5.07,5.16,5.33,5.29,5.34,5.37,5.3,5,5.49,5.13
E12000003,Yorkshire and The Humber,E08000033,Calderdale,2.94,3.42,4.41,5.21,5.32,5.51,5.18,4.35,5.25,4.93,4.6,4.75,4.86,5.03,4.86,4.98,5.02,5.09,5.35,5.96,5.22
E12000003,Yorkshire and The Humber,E08000034,Kirklees,3.07,3.7,4.77,5.06,5.37,5.49,5.32,5.12,5.38,5.05,4.86,4.94,4.94,5.28,5.47,5.36,5.52,5.64,5.55,6.47,5.6
E12000003,Yorkshire and The Humber,E08000035,Leeds,4.17,4.88,5.78,5.99,6.18,6.42,6.11,5.45,5.85,5.78,5.76,5.5,5.7,5.88,5.84,6.11,6.24,6.23,6.45,7.14,6.79
E12000003,Yorkshire and The Humber,E08000036,Wakefield,3.45,4.27,4.84,5.61,5.65,5.73,5.49,5.18,5.61,5.45,5.22,5.24,5.44,5.51,5.6,5.82,5.84,5.86,6.13,6.4,6.16
E12000004,East Midlands,E06000015,Derby,3.13,3.82,4.8,5.05,5.27,6.08,5.12,4.52,4.73,4.57,4.51,4.72,4.88,4.83,5.04,5.08,4.85,5.43,5.4,6.02,6.1
E12000004,East Midlands,E06000016,Leicester,4.02,4.96,6.2,6.27,6.27,6.18,6.32,5.76,5.83,5.7,5.78,5.55,5.65,6.16,6.41,6.96,7.53,7.45,7.41,8.31,7.99
E12000004,East Midlands,E06000017,Rutland,6.72,6.73,8.53,8.85,9.3,8.76,8.77,7.59,8.78,7.91,8.51,8.47,8.46,8.18,8.66,8.68,9.38,8.95,9.54,9.66,9.04
E12000004,East Midlands,E06000018,Nottingham,3.61,4.64,5.04,5.27,5.4,5.07,5.29,4.41,4.53,4.26,4.31,4.46,4.86,4.98,5.14,5.53,5.8,5.58,5.87,6.59,6.48
E12000004,East Midlands,E07000032,Amber Valley,3.61,4.4,5.33,5.15,5.57,6.14,5.66,5.22,5.42,5.26,4.95,5.13,5.22,5.62,5.57,5.33,5.79,5.91,5.28,6.69,6.44
E12000004,East Midlands,E07000033,Bolsover,2.82,3.56,4.15,4.84,4.77,4.78,5.16,4.26,4.5,4.37,3.78,4.18,4.55,4.98,4.87,5.3,5.16,5.19,5.08,6.02,5.71
E12000004,East Midlands,E07000034,Chesterfield,3.16,3.74,4.88,5.17,5.43,5.71,5.34,4.93,5.13,4.91,4.98,5.14,5.17,5.05,5.24,5.51,5.77,5.74,5.94,6.82,5.74
E12000004,East Midlands,E07000035,Derbyshire Dales,5,6.13,7.17,7.66,8.4,8.6,7.08,6.31,7.21,7.19,7.15,7.4,7.6,8.36,7.55,7.97,8.09,8.47,7.61,10.25,9.5
E12000004,East Midlands,E07000036,Erewash,3.54,4.39,4.98,5.42,5.42,5.44,5.16,4.64,4.99,4.88,4.6,4.4,4.8,5.11,5.09,5.4,5.61,5.48,5.69,6.17,6.25
E12000004,East Midlands,E07000037,High Peak,3.88,4.84,5.98,6.15,6.23,7,6.35,5.74,5.65,5.59,5.72,5.6,5.61,6.28,6.65,6.28,6.55,6.93,6.68,7.73,7.69
E12000004,East Midlands,E07000038,North East Derbyshire,3.78,4.67,5.78,6.07,6.33,6.36,6.05,5.74,5.49,5.64,5.73,5.49,5.84,5.92,5.93,6.6,6.25,6.5,7.1,7.51,6.98
E12000004,East Midlands,E07000039,South Derbyshire,3.99,5.12,5.5,6.26,6.34,6.45,5.85,5.7,6.02,5.76,5.69,5.26,5.76,6.32,5.97,6.49,6.21,6.8,6.1,7.02,6.89
E12000004,East Midlands,E07000129,Blaby,4.45,5.48,6.03,5.94,6.54,6.79,6.13,5.13,5.41,5.7,5.74,5.64,5.97,6.41,6.35,6.76,7.26,7.13,6.44,8.61,8.01
E12000004,East Midlands,E07000130,Charnwood,4.34,5.82,6.44,6.39,6.14,6.72,6.28,5.64,5.94,6.09,6.18,5.93,6.23,6.34,6.61,7.33,7.08,7.04,7.48,8.67,7.84
E12000004,East Midlands,E07000131,Harborough,5.12,6.27,7.09,7.09,7.47,7.74,7.08,6.47,6.98,6.18,6.02,6.47,7.17,7.67,7.26,7.2,7.71,8.41,8.03,8.95,9.22
E12000004,East Midlands,E07000132,Hinckley and Bosworth,4.41,5.53,5.84,5.97,6.08,6.65,6.26,5.57,6.16,5.82,5.76,5.87,6.5,6.71,6.63,6.85,6.97,6.96,7.08,7.64,7.87
E12000004,East Midlands,E07000133,Melton,5.19,5.21,5.86,5.96,6.66,6.53,6.36,5.7,6.3,6.67,6.89,6.95,6.91,6.82,7.26,7.27,7.56,8.44,7.95,10.98,7.47
E12000004,East Midlands,E07000134,North West Leicestershire,4.58,5.45,6.11,6.34,6.35,6.6,5.94,5.44,5.99,5.86,5.57,5.98,6.21,6.86,6.93,7.13,7.03,6.9,7.54,7.89,6.99
E12000004,East Midlands,E07000135,Oadby and Wigston,4.34,5.9,6.82,6.8,6.71,7.52,6.4,5.4,5.79,5.64,5.84,6.17,6.67,7.8,7.38,7.14,7.49,7.95,6.9,9.73,8.65
E12000004,East Midlands,E07000136,Boston,3.96,4.72,6.02,6.46,6.29,6.07,6.2,5.79,5.84,5.87,6,5.83,6.23,6.63,6.48,6.97,7.21,7.35,7,7.52,7.2
E12000004,East Midlands,E07000137,East Lindsey,4.44,5.45,6.98,6.83,6.98,7.29,6.94,5.92,6.35,6.03,5.6,5.34,5.65,6.01,5.92,6.54,6.43,6.7,6.75,7.61,7.26
E12000004,East Midlands,E07000138,Lincoln,3.34,4.68,5.25,5.51,5.98,6.05,5.88,5.05,4.89,5.24,5.17,4.97,5.18,5.66,5.52,6.17,5.9,5.79,5.56,6.74,5.64
E12000004,East Midlands,E07000139,North Kesteven,4.9,6.43,7.1,7.1,7.06,7.54,7.23,6.09,6.55,6.54,6.11,5.79,6,6.22,6.71,6.67,6.2,7.12,6.5,7.3,7.94
E12000004,East Midlands,E07000140,South Holland,4.31,5.22,6.55,6.55,6.57,7.25,6.68,5.62,5.75,5.69,5.53,5.64,5.94,6.42,6.33,6.82,7.1,6.9,6.37,7.14,7.51
E12000004,East Midlands,E07000141,South Kesteven,4.59,5.66,6.53,6.6,6.59,6.81,6.63,5.94,6.28,5.83,5.77,5.73,6.37,6.99,7.49,7.37,7.93,7.48,8.02,8.47,7.77
E12000004,East Midlands,E07000142,West Lindsey,3.51,4.19,5.98,6.34,6.21,6.75,6.6,5.48,5.54,5.74,5.34,5.13,6.45,6.01,5.89,5.9,5.97,5.97,6.11,7.07,6.31
E12000004,East Midlands,E06000061,North Northamptonshire,:,4.85,5.7,6.08,6.05,6.35,6.24,5.39,5.61,5.41,5.18,5.4,5.78,6.07,6.46,7.04,7.5,7.5,7.36,7.95,7.81
E12000004,East Midlands,E06000062,West Northamptonshire,:,5.51,6.09,6.06,6.28,6.46,6.31,5.75,6.34,6.06,6.15,5.92,6.61,6.98,7.74,8.36,8.48,8.01,8.12,9.05,8.4
E12000004,East Midlands,E07000170,Ashfield,3.36,4.04,4.8,5.14,5.37,6,5.58,4.54,5.02,5.28,5.23,5.07,5.15,5.23,5.36,5.6,5.6,5.56,5.48,6.21,6.01
E12000004,East Midlands,E07000171,Bassetlaw,3.62,4.2,4.97,5.56,5.46,5.45,5.16,4.77,5.14,5.27,4.98,4.95,4.91,5.16,5.14,5.62,5.38,5.67,5.88,7.23,6.32
E12000004,East Midlands,E07000172,Broxtowe,4.03,4.93,5.67,6.2,5.86,6.07,5.32,4.98,5.17,5.31,4.92,5.05,4.92,5.07,5.22,5.52,5.99,5.84,6.06,6.75,7.19
E12000004,East Midlands,E07000173,Gedling,4.01,4.95,5.68,5.61,6.09,5.5,5.2,4.99,5.78,5.27,4.95,4.93,5.38,5.53,5.51,5.96,6.11,6.17,6.49,7.16,7.48
E12000004,East Midlands,E07000174,Mansfield,3.08,3.78,4.79,5.12,5.31,5.2,5.06,4.72,4.99,5.3,4.92,5.12,5.24,5.22,5.64,5.43,5.77,6,5.96,6.24,6.05
E12000004,East Midlands,E07000175,Newark and Sherwood,4.21,5.66,6.44,6.18,5.89,6.72,6.54,5.62,6.3,6.06,6.1,6.23,6.22,6.22,6.33,6.86,6.53,7.05,6.03,7.22,6.35
E12000004,East Midlands,E07000176,Rushcliffe,4.74,5.72,6.21,6.45,6.4,6.8,6.06,5.42,5.93,5.91,5.88,6,6.38,7.19,7.12,7.26,7.74,7.94,8.18,8.85,8.71
E12000005,West Midlands,E06000019,"Herefordshire, County of",6.1,7.15,8.19,8.41,8.98,8.89,8.76,7.85,9.04,8.75,8.8,8.62,8.25,8.98,8.11,9.37,9.34,8.96,8.61,9.4,9.23
E12000005,West Midlands,E06000020,Telford and Wrekin,4,4.78,5.76,5.96,6.24,5.95,5.92,6.04,6.21,6.05,6.07,6.06,6.08,5.99,6.24,6.77,6.37,6.29,6.45,7.38,6.65
E12000005,West Midlands,E06000021,Stoke-on-Trent,2.51,2.75,3.77,4.34,4.54,4.63,4.46,4.09,4.19,4.01,3.97,4.08,4.27,4.41,4.61,4.63,4.62,4.73,4.63,5.1,4.82
E12000005,West Midlands,E06000051,Shropshire,:,6.37,6.96,7.21,7.7,7.54,7.59,6.69,6.78,6.78,6.86,6.21,6.9,7.14,7.12,7.72,7.78,7.37,7.64,8.66,7.59
E12000005,West Midlands,E07000192,Cannock Chase,3.94,4.69,5.61,5.54,5.41,5.82,5.29,5.27,5.33,5.22,5.47,5.09,5.4,5.07,5.55,5.74,6.12,6.11,6.58,6.73,7.06
E12000005,West Midlands,E07000193,East Staffordshire,4.02,4.71,5.29,5.66,5.8,6.49,5.9,5.65,6.21,5.63,5.51,5.42,5.83,6.33,5.98,6.47,6.9,7.01,6.78,7.77,6.37
E12000005,West Midlands,E07000194,Lichfield,5.1,6.32,6.75,7.18,7,7.84,7.43,6.07,6.5,6.44,6.11,6,6.49,6.36,6.62,7.41,7.35,7.43,7.01,7.9,7.92
E12000005,West Midlands,E07000195,Newcastle-under-Lyme,3.53,3.98,4.89,5.2,5.72,5.29,5.38,5.24,5.31,5.36,5.48,5.05,5.35,5.4,5.22,5.25,5.43,5.64,5.23,5.75,5.77
E12000005,West Midlands,E07000196,South Staffordshire,5.3,6.27,6.92,6.55,6.75,7.34,6.8,6.72,6.68,6.47,6.5,6.23,6.74,6.6,6.86,7.02,6.95,6.9,6.46,8.04,7.77
E12000005,West Midlands,E07000197,Stafford,4.31,5.91,6.29,6.61,6.59,6.8,6.58,6.16,6.32,6.19,5.69,5.61,5.87,6.14,6.43,6.82,6.82,6.82,6.92,7.34,6.71
E12000005,West Midlands,E07000198,Staffordshire Moorlands,3.67,4.32,6.23,5.64,5.69,6.03,5.54,5.31,5.36,5.46,5.18,5.16,5.09,5.57,5.64,5.74,6.02,5.53,6.08,6.39,6.2
E12000005,West Midlands,E07000199,Tamworth,4.07,4.37,5.36,5.4,5.88,5.9,5.11,4.99,5.42,5.28,4.94,5.46,6.06,6.2,6.44,6.85,6.91,7.29,8.4,8.17,6.69
E12000005,West Midlands,E07000218,North Warwickshire,4.67,5.29,6.11,5.94,6.41,5.88,5.89,5.78,6.18,5.37,5.62,5.55,6.21,6.37,6.17,6.36,6.55,6.45,7.17,8.03,7.22
E12000005,West Midlands,E07000219,Nuneaton and Bedworth,3.9,4.45,5.1,5.51,5.28,5.4,5.16,4.91,5.2,4.97,5.04,4.9,5.31,5.53,5.99,5.81,6.5,6.57,6.54,7.28,7.3
E12000005,West Midlands,E07000220,Rugby,4.91,5.15,6.08,5.98,6.01,6.21,6.2,5.44,5.57,5.72,5.46,5.56,6.13,6.12,6.81,6.84,7.38,7.73,7.71,8.03,7.29
E12000005,West Midlands,E07000221,Stratford-on-Avon,6.39,7.35,7.59,7.95,7.96,8.17,7.6,7.55,8.78,8.36,8.64,8.18,8.92,9.42,9.25,9.38,9.88,9.61,9.44,10.11,9.47
E12000005,West Midlands,E07000222,Warwick,5.86,7.09,6.76,6.97,7.33,7.67,7.44,6.56,7.68,7.16,7.22,7.4,8.18,8.28,8.73,8.66,8.97,9.2,8.83,9.24,9.08
E12000005,West Midlands,E07000234,Bromsgrove,6.01,5.98,6.61,7.07,6.99,7.15,7.07,6.09,6.48,6.88,6.9,6.4,7.14,7.6,8.07,7.93,8.16,8.41,8.52,9.25,8.88
E12000005,West Midlands,E07000235,Malvern Hills,6.37,7.59,7.96,8.03,8.05,8.15,7.15,6.6,8.06,9,8.63,7.23,9.24,8.63,9.02,8.1,9.89,9.86,9.24,10.04,9.88
E12000005,West Midlands,E07000236,Redditch,4.86,5.93,6.52,6.38,6.88,7.18,7.14,6.29,6.44,6.44,6.4,6.51,7.52,8.02,7.66,7.6,8.17,8.3,8.4,9.3,8.75
E12000005,West Midlands,E07000237,Worcester,4.55,5.92,6.61,6.29,6.3,6.94,6.63,6.4,6.24,6.05,6.31,6.11,6.11,6.55,6.88,6.47,6.86,6.98,7.61,7.67,7.02
E12000005,West Midlands,E07000238,Wychavon,6.51,7.57,8.15,8.5,8.71,9.19,9.05,7.26,8.14,7.52,7.69,7.74,7.95,8.27,8.74,8.94,9,8.79,9.86,10.81,10.15
E12000005,West Midlands,E07000239,Wyre Forest,4.89,5.98,7.21,7.33,7.21,7.07,6.93,6.78,6.83,7.15,6.75,6.49,6.69,6.12,6.41,6.78,6.94,6.76,6.45,7.67,7.03
E12000005,West Midlands,E08000025,Birmingham,3.95,4.92,5.73,5.95,5.85,6.16,5.91,5.2,5.45,5.34,5.24,5.33,5.48,5.67,5.77,6.06,6.14,6.55,6.39,7.27,6.99
E12000005,West Midlands,E08000026,Coventry,3.78,4.14,4.9,5.17,5.41,6,5.54,4.93,5.23,4.91,4.87,4.8,5.28,5.28,5.47,5.77,6.09,6.33,6.25,6.6,6.33
E12000005,West Midlands,E08000027,Dudley,4.14,4.94,5.94,6.15,6.14,6.05,5.86,5.76,6.02,5.56,5.43,5.33,5.52,5.66,5.59,5.69,5.99,5.82,5.79,6.83,6.84
E12000005,West Midlands,E08000028,Sandwell,3.64,4.43,5.17,5.47,5.87,5.95,5.65,5.05,5.03,5.03,4.89,4.92,5.29,5.31,5.45,5.66,5.88,6.15,6.01,6.54,6.83
E12000005,West Midlands,E08000029,Solihull,5.78,6.8,7.3,7.69,7.45,7.56,7.17,6.45,7.29,7.08,6.64,6.59,7,7.5,7.64,8.15,8,8.11,8.36,9.15,8.5
E12000005,West Midlands,E08000030,Walsall,3.95,4.78,5.81,6.11,6.03,6.1,5.59,5.51,5.65,5.77,5.42,5.59,5.95,5.6,5.73,6.1,6.24,5.96,5.74,6.57,6.59
E12000005,West Midlands,E08000031,Wolverhampton,3.62,4.39,5.17,5.56,5.92,5.7,5.49,5.32,5.37,5.31,4.96,4.96,5.35,5.42,5.8,5.73,5.89,5.93,6.35,6.36,6.2
E12000006,East of England,E06000031,Peterborough,3.89,4.51,5.76,6.03,6.3,6.59,6.23,5.6,5.63,5.53,5.38,5.73,6.09,6.37,6.46,7.04,7.33,7.16,7.5,7.75,7.44
E12000006,East of England,E06000032,Luton,4.57,5.31,5.77,6.24,6.22,6.99,6.72,5.74,6.25,6.08,6.12,6.08,6.47,6.94,8.12,8.17,8.77,8.12,8.55,9.41,9.63
E12000006,East of England,E06000033,Southend-on-Sea,4.57,5.8,6.13,6.54,6.9,6.9,7,6.04,6.41,6.55,6.54,6.94,6.81,7.69,7.94,8.64,8.6,8.99,8.76,9.08,9.73
E12000006,East of England,E06000034,Thurrock,4.26,5.46,6,6.57,6.67,6.7,6.32,5.69,5.89,6.28,6.01,5.93,6.45,7.06,8.43,9.26,9.26,9.05,8.64,9.12,9.35
E12000006,East of England,E06000055,Bedford,5.19,6.21,6.16,6.72,7.04,6.66,6.34,6.34,6.36,6.91,6.67,6.43,7.13,8.1,8.05,8.76,9.41,8.93,8.25,9.83,9.29
E12000006,East of England,E06000056,Central Bedfordshire,:,5.69,5.96,6.12,6.45,6.66,6.87,5.83,6.43,6.73,6.76,6.64,7.32,7.8,8.21,9.36,9.73,9.03,8.75,9.71,8.6
E12000006,East of England,E07000008,Cambridge,7.18,7.73,7.53,8.66,8.3,9.21,8.52,8.21,8.14,8.69,9.33,9.64,10.82,12.3,13.38,13.33,13.04,12.69,12.46,12.21,12.28
E12000006,East of England,E07000009,East Cambridgeshire,6.13,6.64,6.66,7.75,7.04,7.41,7.55,6.24,6.56,6.44,6.61,7.07,7.48,7.82,8.85,9.08,9.5,9.01,9.28,10.01,9.32
E12000006,East of England,E07000010,Fenland,4.54,5.25,5.81,6.16,6.19,6.06,6.65,5.52,5.84,5.53,5.45,5.31,5.72,6.01,6.05,6.62,6.68,6.8,6.97,7.92,7.36
E12000006,East of England,E07000011,Huntingdonshire,4.65,5.37,5.85,6.45,6.81,7.1,6.89,5.77,6.03,6.02,6.31,6.6,6.68,7.23,7.64,8.16,8.5,8.68,9.15,9.83,9.26
E12000006,East of England,E07000012,South Cambridgeshire,7.54,7.72,7.88,7.66,7.81,8.16,7.73,6.81,7.13,7.58,7.42,7.14,7.76,9.66,9.48,10.3,9.73,9.1,9.81,10.07,10.44
E12000006,East of England,E07000066,Basildon,4.49,5.59,6.14,6.57,6.65,6.88,6.85,6.26,6.51,6.34,6.46,6.24,6.76,7.7,8.51,9.38,9.49,9.01,9.4,10.38,10.34
E12000006,East of England,E07000067,Braintree,5.51,6.02,6.78,7,7.16,7.1,7.03,6.25,6.58,6.55,6.11,6.2,6.54,7.23,7.94,8.34,8.55,8.61,8.71,9.87,8.99
E12000006,East of England,E07000068,Brentwood,6.06,6.89,6.5,7.12,6.93,7.25,6.9,6.97,7.2,6.7,7.49,6.88,7.52,8.15,9.3,9.76,10.83,9.76,10.22,13.68,11.42
E12000006,East of England,E07000069,Castle Point,5.51,6.38,6.8,6.45,6.87,7.43,7.29,5.88,7.77,7.48,7.09,7.56,7.21,8.36,9.32,8.96,9.51,8.96,8.89,10.34,9.93
E12000006,East of England,E07000070,Chelmsford,5.56,6.74,6.91,6.95,7.22,7.66,7.65,6.82,7.35,7.05,6.9,7.48,7.99,8.49,9.43,10.39,11.2,10.9,10.14,10.21,10.83
E12000006,East of England,E07000071,Colchester,4.81,6.07,6.73,6.5,6.65,6.65,6.65,6.41,6.54,6.46,6.63,6.83,6.72,7.36,7.92,8.34,8.8,8.78,8.46,9.85,8.81
E12000006,East of England,E07000072,Epping Forest,7.43,7.87,8.1,7.76,8.32,8.84,9.71,8.57,9.3,9.13,8.39,9.23,9.48,10.85,11.34,12.25,12.73,12.01,12.95,13.68,13.75
E12000006,East of England,E07000073,Harlow,5.43,6.29,6.89,7.28,7.15,6.83,7.37,7.09,6.57,6.95,7.07,7.18,7.45,8.65,9.45,10.18,10.16,10.29,10.48,11.19,10.98
E12000006,East of England,E07000074,Maldon,5.15,5.76,6.2,7.4,7.15,7.93,7.95,5.9,6.24,6.49,6.09,6.37,7.36,7.49,7.98,9.75,10.03,9.13,8.74,10.21,10.14
E12000006,East of England,E07000075,Rochford,5.29,6.51,6.49,7.5,7.06,7.08,7.6,6.53,7.62,7.05,7.12,7.12,7.97,8.74,8.56,9.28,8.88,8.95,9.81,9.47,10.2
E12000006,East of England,E07000076,Tendring,5.18,6.12,7.27,7.06,7.24,7.68,6.97,6,6.13,6.23,6.03,5.97,6.33,6.76,7.17,7.98,8.42,8.27,8.3,8.82,8.57
E12000006,East of England,E07000077,Uttlesford,6.29,7.19,7.63,9.52,8.46,8.33,9.08,7.88,8.71,8.94,9.43,9.54,10.16,10.25,10.1,10.63,11.89,11.6,11.38,12.19,11.57
E12000006,East of England,E07000095,Broxbourne,6.5,6.95,7.31,7.07,7.41,8,7.88,7.29,7.56,7.78,7.66,7.6,8.24,8.66,10.15,10.38,10.46,10.51,9.71,11.41,10.56
E12000006,East of England,E07000096,Dacorum,6.09,6.92,7.58,7.59,7.79,8.22,8.38,7.18,8.31,7.8,8.34,8.2,8.99,9.77,9.93,11.25,11.2,11.31,11.17,12.51,11.85
E12000006,East of England,E07000098,Hertsmere,6.64,7.93,8.05,8.3,8.45,9.2,9.4,8.26,10,9.93,10.06,10.78,13.09,13.22,14.23,14.29,13.75,12.56,13.06,15,16.36
E12000006,East of England,E07000099,North Hertfordshire,5.54,6.78,7.22,7.04,7.45,7.74,7.22,6.4,6.93,6.96,6.76,6.65,7.37,8.1,8.97,9.3,9.63,9.06,9.24,10.35,9.23
E12000006,East of England,E07000102,Three Rivers,7.52,6.73,7.46,8.68,8.84,8.04,8.69,7.61,8.71,8.79,9.79,9.48,10.86,12.48,13.77,14.36,13.72,14.29,12.5,14.59,14.99
E12000006,East of England,E07000103,Watford,5.54,6.49,7.12,6.5,6.58,6.96,6.96,6.62,6.84,6.78,6.68,6.71,7.81,9.07,9.91,10.31,11.87,10.49,10.87,12.7,12.19
E12000006,East of England,E07000143,Breckland,5.16,6.32,7.21,7.08,7.44,8.28,7.48,6.97,7.33,6.85,6.55,6.83,7.2,7.56,8.06,8.69,8.58,8.32,8.46,9.35,8.65
E12000006,East of England,E07000144,Broadland,5.87,7.15,7.37,7.67,7.62,8.31,8.09,6.64,6.83,6.33,6.11,6.36,7.19,7.73,7.99,8.7,8.46,8.3,8,9.43,9.4
E12000006,East of England,E07000145,Great Yarmouth,4.04,4.72,6,6.45,6.24,6.8,6.05,6.03,6.31,5.88,5.73,5.8,5.67,6.16,6.23,6.76,6.83,6.94,6.67,7.62,6.84
E12000006,East of England,E07000146,King's Lynn and West Norfolk,4.88,6.08,6.99,7.41,7.41,7.27,7.04,6.37,6.95,6.45,6.17,6.54,6.3,6.76,6.91,7.89,7.72,8.02,7.23,9.07,8.93
E12000006,East of England,E07000147,North Norfolk,6.01,7.02,7.63,8.97,9.55,9.08,8.68,7.53,8.51,7.8,8.44,8.25,7.75,8.37,9.46,9.6,10.03,9.72,9.55,10.53,10.43
E12000006,East of England,E07000148,Norwich,4.73,5.75,6.32,6.41,6.29,7.19,6.74,5.71,6.05,5.91,6.26,6.15,6.92,6.93,6.8,7.2,7.55,7.16,7.12,7.47,7.24
E12000006,East of England,E07000149,South Norfolk,5.84,6.86,7.35,7.23,7.92,7.99,7.53,6.55,6.65,6.56,6.41,6.92,7,6.98,7.52,8.91,8.12,8.55,8.58,9,9.23
E12000006,East of England,E07000200,Babergh,5.92,6.71,7.35,7.95,7.74,8.71,8.49,6.71,7.31,6.66,7.54,7.54,7.76,8.11,8.78,8.61,9.28,8.87,8.96,10.67,10.6
E12000006,East of England,E07000202,Ipswich,4.69,5.13,6.06,6.48,6.02,6.33,6.17,5.31,5.44,5.66,5.57,5.64,5.75,6.08,6.15,6.84,7.05,7.05,7.29,7.97,7.81
E12000006,East of England,E07000203,Mid Suffolk,5.95,6.45,7.4,7.63,7.44,7.77,7.43,6.74,7.68,7.16,7.45,6.54,6.94,7.05,8.38,9.83,9.63,8.82,8.63,10,9.15
E12000006,East of England,E07000240,St Albans,:,8.11,8.17,7.94,9.02,9.09,8.72,8.18,9.05,9.36,9.36,9.39,10.01,11.74,12.65,12.99,12.62,12.77,12.52,12.76,13.43
E12000006,East of England,E07000241,Welwyn Hatfield,:,7.25,7.84,7.68,7.58,7.55,7.54,7.01,7.57,7.92,8.2,8.55,8.59,9.8,11.17,11.4,11.4,11.41,11.11,13,12.1
E12000006,East of England,E07000242,East Hertfordshire,:,7.06,6.97,7.32,7.43,8.31,7.26,6.39,7.07,7.96,7.62,8.72,9,9.42,10.2,10.83,10.75,10.29,10.24,11.03,9.48
E12000006,East of England,E07000243,Stevenage,:,6.04,6.6,7.02,6.59,6.53,6.64,6.02,6.26,5.81,5.93,6.2,7.02,7.69,8.67,9.12,8.62,9.32,8.16,11.1,9.85
E12000006,East of England,E07000244,East Suffolk,:,5.9,6.5,6.79,6.67,7.1,7.23,6.19,7.15,6.69,7.03,6.94,6.67,7.41,7.56,8.43,8.6,7.95,8.25,9.5,8.94
E12000006,East of England,E07000245,West Suffolk,:,6.7,7.5,7.75,7.43,7.98,8.29,6.96,6.87,6.79,7.08,7.41,7.86,8.33,8.23,8.23,8.68,8.92,8.48,9.44,8.9
E12000007,London,E09000001,City of London,6.29,:,:,:,:,:,:,9.52,:,8.66,:,:,:,:,14.83,:,16.49,:,:,:,:
E12000007,London,E09000002,Barking and Dagenham,4.68,6.26,7.18,7.15,6.55,7.05,7.46,5.71,6.3,6.56,6.38,6.28,7.54,8.24,9.89,10,10.4,10.74,9.74,10.25,10.91
E12000007,London,E09000003,Barnet,7.42,8.49,8.64,8.46,9.12,9.83,9.16,8.47,9.71,10.06,10.05,10.16,12.14,13.3,14.05,13.71,14.45,14.19,15.23,16.01,15.78
E12000007,London,E09000004,Bexley,5.56,6.29,6.57,6.73,6.79,7.19,6.97,6.29,6.72,6.77,6.53,6.68,7.69,8.47,9.44,10.01,10.04,9.61,9.17,10.52,10.07
E12000007,London,E09000005,Brent,8.1,9.32,9.26,9.59,9.85,10.8,9.89,9.75,10.31,11.19,11.13,12.13,12.36,13.43,15.21,15.65,16.32,15.67,14.34,15.38,15.23
E12000007,London,E09000006,Bromley,6.48,7.13,7.54,7.45,7.54,7.71,7.49,6.99,7.82,8.06,7.64,7.94,8.92,9.93,10.86,10.83,11,10.73,10.3,11.97,11.76
E12000007,London,E09000007,Camden,9.72,9.24,10.4,10.29,10.38,11.4,11.97,11.15,12.63,13.96,13.3,15.15,17.43,17.13,18.52,19.4,18.23,18.27,19.12,19.13,19.4
E12000007,London,E09000008,Croydon,5.82,6.6,7.23,7.35,7.38,7.96,7.82,6.8,7.17,7.27,7.41,7.54,7.82,8.98,10.18,10.74,10.46,10.95,10.34,11.43,10.88
E12000007,London,E09000009,Ealing,7.09,8.47,8.68,8.96,8.88,9.22,9.66,8.07,9.61,9.42,9.94,10.93,12.28,14.34,14.73,14.88,14.16,14.79,13.29,14.86,15.26
E12000007,London,E09000010,Enfield,6.03,7.38,7.31,7.83,7.75,8.17,8.44,7.76,8,8.26,8.26,8.43,9.16,10.35,12.16,13,12.94,12.37,12.63,12.84,12.37
E12000007,London,E09000011,Greenwich,5.99,6.37,6.86,7.41,7.7,7.53,7.88,6.74,7.61,8.17,7.96,8.1,10.09,10.57,11.87,12.67,11.95,12.73,12.17,12.92,11.86
E12000007,London,E09000012,Hackney,7.37,8.15,8.7,8.25,9.48,9.04,9.06,8.91,9.63,9.21,10.41,11.42,12.82,14.35,16.67,15.22,16.34,16.04,16.96,16.49,14.55
E12000007,London,E09000013,Hammersmith and Fulham,8.55,9.31,9.83,10.8,10.8,11.67,11.76,11.07,12.36,13.11,12.48,14.45,16.95,19.28,19.21,19.08,20.04,17.28,18.78,19.59,19.05
E12000007,London,E09000014,Haringey,7.03,7.53,7.8,8.15,8.08,8.59,9.02,8.38,9.5,9.96,10.28,11.32,12.56,13.67,14.96,16.08,15.67,14.4,14.3,15.06,15.66
E12000007,London,E09000015,Harrow,7.59,9.2,9.26,9.29,9.26,9.4,8.8,7.82,8.94,9.51,10.06,9.76,11.27,11.85,13.29,14.61,13.59,12.97,12.22,13.69,13.84
E12000007,London,E09000016,Havering,5.63,6.54,6.91,6.73,7.02,7.52,7.2,6.54,7.09,7.29,6.88,7.34,7.99,8.73,9.78,10.61,10.54,10.77,10.46,11.14,12.04
E12000007,London,E09000017,Hillingdon,6.47,7.28,7.56,7.87,8.55,8.39,8.65,7.94,8.26,8.13,7.96,8.34,9.33,10.34,11.64,13.13,13.56,13.15,12.09,12.68,11.95
E12000007,London,E09000018,Hounslow,7,7.92,8.65,8.4,9.03,9.34,9.02,8.5,8.54,8.55,8.67,9.21,10.3,11.59,12.62,11.95,12.75,11.82,12.14,13.98,12.94
E12000007,London,E09000019,Islington,8.71,8.83,8.67,8.94,8.91,10.28,10.84,9.99,10.95,11.18,10.64,12.55,13.57,16.27,16.51,16.21,13.09,13.73,13.92,14.92,15.61
E12000007,London,E09000020,Kensington and Chelsea,10.68,10.77,10.04,10.86,11.19,15.48,15.26,13.89,15.93,16.48,21.32,20.94,25.28,29.71,30.38,29.15,33.43,27.64,26.23,24.77,34.26
E12000007,London,E09000021,Kingston upon Thames,7.16,7.77,8.47,8.38,8.1,8.52,9.5,7.99,8.78,8.6,8.69,9.06,10.19,10.88,11.83,12.9,12.74,12.71,11.94,13.06,12.66
E12000007,London,E09000022,Lambeth,8.02,7.59,8.38,8.21,8.98,9.36,9.49,8.19,8.98,8.95,9.85,10.14,12.43,13.53,15.01,15.03,13.82,14.39,13.44,13.85,13.11
E12000007,London,E09000023,Lewisham,5.85,6.33,6.57,6.94,7.34,7.97,8.06,7.29,7.63,8.08,7.76,7.7,9.33,10.88,11.7,12.28,12.22,12.74,11.57,13.31,12.59
E12000007,London,E09000024,Merton,6.81,7.27,7.9,7.84,8.57,8.5,8.46,7.56,8.6,8.93,8.59,9.43,11.48,11.97,13.44,12.82,12.91,12.4,11.55,15.89,14.94
E12000007,London,E09000025,Newham,6.47,7.65,8.27,8.09,8.55,9.29,9.4,7.72,8,8.12,8.21,8,9.66,10.78,12.24,13.4,13.28,13.03,12.46,12.46,12.36
E12000007,London,E09000026,Redbridge,6.22,7.08,8.27,7.96,7.86,7.97,7.6,7.01,7.19,7.76,8.02,8.39,8.76,9.51,11.26,12.5,12.79,11.97,11.76,13.25,12.64
E12000007,London,E09000027,Richmond upon Thames,7.26,7.95,8.35,8.41,9.18,9.85,9.85,9.18,10.35,10.21,10.35,11.82,12.79,14.29,14.38,15.68,14.84,14.74,13.33,16.07,16.9
E12000007,London,E09000028,Southwark,7.54,7.99,8.44,8.51,8.18,8.86,8.98,8.48,9.15,9.69,9.61,10.12,12.13,13.59,14.72,15.21,15.35,14.31,13.67,14.57,13.04
E12000007,London,E09000029,Sutton,6.29,6.67,7.39,7.38,7.56,8.01,8,7.18,7.36,8,7.83,8.06,8.72,10,10.54,11.1,10.77,10.4,11.14,11.73,12.44
E12000007,London,E09000030,Tower Hamlets,7.81,7.58,7.98,8.35,8.56,8.48,9.12,8.24,8.88,8.87,8.7,9.01,10.88,11.89,12.82,12.88,12.73,11.5,12.38,14.08,13.17
E12000007,London,E09000031,Waltham Forest,5.69,6.62,7.2,7.55,7.64,8.37,8.28,7.4,7.81,8.51,8.27,8.96,10.68,12.13,13.2,14.08,13.55,12.66,12.47,13.75,12.75
E12000007,London,E09000032,Wandsworth,7.52,8.07,8.48,8.59,9.31,10.53,10.3,9.14,9.79,10.64,10.89,11.75,13.12,13.78,15.12,16.38,14.8,14.38,14.43,14.8,14.51
E12000007,London,E09000033,Westminster,11.01,11.41,10.6,11.3,12.32,12.86,12.93,13.27,12.14,14.59,14.09,18.69,20.38,20.49,23.48,24.36,23.71,21.32,22.45,20.64,22.13
E12000008,South East,E06000035,Medway,4.24,5.35,5.83,6.18,5.82,6.26,6.04,5.13,5.56,5.33,5.24,5.69,5.67,6.33,7.27,7.64,7.96,7.87,7.67,9.29,8.65
E12000008,South East,E06000036,Bracknell Forest,5.76,6.85,6.38,6.61,6.93,7.29,7.7,6.65,7.78,7.35,7.78,7.63,8.28,9.05,10.33,10.13,10.63,9.97,9.81,10.52,9.8
E12000008,South East,E06000037,West Berkshire,6.73,7.37,7.58,7.63,7.53,8.56,7.65,7.57,7.85,8.24,7.73,7.64,8.13,8.95,9.69,10.14,10.61,9.64,9.68,11.15,10.47
E12000008,South East,E06000038,Reading,5.92,6.24,6.48,7.05,7.27,7.33,6.89,6.06,6.52,6.7,6.2,6.22,6.97,8.43,8.95,9.15,9.32,9.36,9.16,8.79,9.05
E12000008,South East,E06000039,Slough,6.11,7.21,7.38,7.7,7.58,7.73,7.88,6.74,7.01,7.09,7.06,7.36,8.05,8.77,9.9,10.99,10.21,10.07,9.93,10.17,9.96
E12000008,South East,E06000040,Windsor and Maidenhead,7.47,7.92,7.93,8.22,8.13,9.13,9.02,8.08,9.2,8.74,8.37,8.86,9.87,11.16,11.9,12.44,11.73,11.28,11.98,13.17,13.31
E12000008,South East,E06000041,Wokingham,6.43,7.43,7.94,7.5,7.44,8.24,7.83,7.41,7.55,7.54,7.53,7.59,8.7,9.74,10.62,11.39,10.52,10.95,10.98,11.56,11.22
E12000008,South East,E06000042,Milton Keynes,5.33,5.77,6.19,6.8,6.84,6.86,6.78,6.05,6.7,6.25,6.4,6.35,6.92,8.12,8.5,8.43,9.28,8.83,9.02,9.51,8.89
E12000008,South East,E06000043,Brighton and Hove,6.37,7.41,7.41,8.16,8.22,8.84,8.52,7.56,8.49,8.57,8.54,8.86,9.29,10.43,10.54,11.4,11.48,11.25,10.64,12.46,12.32
E12000008,South East,E06000044,Portsmouth,4.9,5.6,6.54,6.33,6.54,7.11,7.05,5.66,5.89,6.13,6.05,6.11,6.19,6.41,7.15,7.5,7.66,7.35,8.02,8.11,7.73
E12000008,South East,E06000045,Southampton,5.66,6.4,6.64,6.85,6.96,7.33,7.31,6.53,6.92,6.79,6.58,6.48,6.75,6.92,7.18,7.47,8.05,7.5,7.35,7.53,7.55
E12000008,South East,E06000046,Isle of Wight,6.01,6.38,7.68,7.49,7.73,7.78,7.33,6.92,7.85,7.12,6.89,7.07,6.97,7.27,7.52,7.65,8,8.03,7.72,9.48,9.17
E12000008,South East,E06000060,Buckinghamshire,6.54,7.44,7.96,8.32,8.54,8.75,8.53,7.6,8.33,8.17,8.37,8.75,9.38,9.89,10.72,10.98,10.96,11.04,11,12.32,11.65
E12000008,South East,E07000061,Eastbourne,5.51,6.65,7.43,7.34,8.08,7.57,8.47,6.95,7.03,7.45,7.38,7.18,6.83,7.34,8.64,8.58,8.07,8.27,7.89,9.62,9.02
E12000008,South East,E07000062,Hastings,5.07,6.24,6.97,7.05,7.2,7.99,7.88,6.63,6.77,6.6,6.9,7.07,6.95,6.87,8.01,8.63,9.2,9.12,8.9,10.13,9.94
E12000008,South East,E07000063,Lewes,6.27,7.4,7.93,8.33,8.41,9.56,8.98,7.67,7.89,8.22,8.54,8.37,8.56,9.53,9.89,9.6,11.16,9.74,10.23,11,11.41
E12000008,South East,E07000064,Rother,6.38,7.72,8.62,8.36,8.36,8.33,8.53,7.15,8.26,8.46,8.81,8.83,9.14,9.45,10.01,9.27,10.33,9.96,10.63,11.6,11.4
E12000008,South East,E07000065,Wealden,6.51,7.47,8.39,8.93,8.65,8.69,8.74,7.52,7.7,7.93,7.68,8.49,8.31,8.78,9.4,9.93,10.44,10.01,9.52,11.93,11.78
E12000008,South East,E07000084,Basingstoke and Deane,5.74,6.94,7.09,7.41,7.37,7.59,7.55,6.75,7.15,7.1,7.18,7.07,7.16,7.74,8.21,8.96,9.54,8.47,8.68,9.12,8.79
E12000008,South East,E07000085,East Hampshire,6.32,7.02,8.15,8.47,7.98,8.35,8.32,7.89,8.49,8.78,8.35,8.52,9.87,10.51,10.61,10.3,10.27,10.5,10.26,12.12,12.18
E12000008,South East,E07000086,Eastleigh,6.27,6.88,7.43,7.43,7.49,7.52,7.42,6.32,7.25,7.23,7.23,7.2,7.39,7.95,8.68,9.13,9.85,9.86,8.59,9.17,9.42
E12000008,South East,E07000087,Fareham,6.2,6.87,7.59,7.58,7.43,7.87,7.65,6.7,7.24,7.07,7.31,7.59,7.49,8.05,8.65,9.04,9.13,8.53,9.04,8.62,9.04
E12000008,South East,E07000088,Gosport,5.67,6.35,6.87,6.52,6.66,6.44,6,5.31,5.71,5.97,6.12,5.73,5.68,6.03,6.63,7.07,7.32,7.12,7.14,7.32,7.44
E12000008,South East,E07000089,Hart,6.39,6.91,7.02,7.55,6.9,7.76,8.42,7.2,7.46,7.57,7.7,8.6,8.83,9.91,10.91,10.64,10.72,10.59,10.09,10.72,10.75
E12000008,South East,E07000090,Havant,6.46,7.07,7.92,7.32,7.82,8.11,7.79,7.17,7.61,7.29,7.22,6.9,7.84,8.1,8.96,8.91,8.97,8.97,9.55,10.78,10.28
E12000008,South East,E07000091,New Forest,7.15,8.33,8.74,9.92,9.82,9.9,9.65,8.54,8.87,8.88,8.65,8.5,8.74,10.04,10.06,10.31,10.78,10.51,10.1,11.9,12.15
E12000008,South East,E07000092,Rushmoor,6.03,6.4,6.44,7.01,6.62,7.2,7.59,6.59,6.98,7.45,7.45,7.25,7.71,8.76,9.55,10.18,9.09,9.35,8.44,9.2,9.2
E12000008,South East,E07000093,Test Valley,6.74,7.62,8.08,7.89,8.25,8.9,9.44,7.94,8.64,8.94,8.41,8.15,8.36,8.16,8.7,8.55,9.2,9.06,8.95,10.15,9.75
E12000008,South East,E07000094,Winchester,7.37,7.65,7.77,8.35,8.54,9.11,8.89,7.23,8.58,8.81,8.66,8.78,10.27,10.49,10.05,11.25,10.25,11.08,11.8,12.56,13.16
E12000008,South East,E07000105,Ashford,5.84,6.88,7.14,7.49,7.64,8.44,7.85,6.99,7.64,6.82,6.78,7.31,8.31,8.25,8.74,9.1,9.44,8.92,9.93,10.88,10.14
E12000008,South East,E07000106,Canterbury,6.28,6.84,7.34,6.94,7.31,8.56,7.91,6.48,7.64,6.64,7.29,6.92,7.45,7.47,9.29,8.78,9.63,8.67,10.37,11.34,10.18
E12000008,South East,E07000107,Dartford,5.01,6.41,6.3,6.8,6.87,6.85,6.9,5.75,6.2,6.16,6.73,6.74,7.06,8.45,8.57,9.32,8.91,9.17,8.43,10.03,9.45
E12000008,South East,E07000108,Dover,4.66,5.58,6.65,6.8,6.82,6.91,6.2,5.81,5.92,5.88,5.88,6.05,6.55,7.39,8.36,8.84,8.45,8.07,7.25,9.26,9.05
E12000008,South East,E07000109,Gravesham,4.93,5.92,6.44,6.38,5.9,6.91,6.91,5.83,6.02,6.03,6.24,6.54,7.09,7.73,8.6,9.66,9.52,8.93,10.08,10.58,10.24
E12000008,South East,E07000110,Maidstone,6.12,6.53,7.51,7.24,7.24,7.53,7.78,6.13,6.87,6.66,6.82,7.76,7.81,8.21,8.94,9.84,10.31,10.18,9.81,10.88,10.14
E12000008,South East,E07000111,Sevenoaks,7.35,8,8.04,8.58,8.62,8.15,8.16,7.87,7.96,8.69,9.36,9.52,9.66,11.39,11.65,11.56,13.1,10.52,11.16,11.44,13.6
E12000008,South East,E07000112,Folkestone and Hythe,5.14,6.55,6.44,7.02,7.87,8.38,7.4,6.88,7.17,6.74,6.42,6.53,7.2,7.09,8.98,8.95,9.18,8.76,8.65,9.53,9.28
E12000008,South East,E07000113,Swale,4.76,5.38,5.77,6.15,6.57,6.59,6.47,5.56,5.94,5.32,5.53,5.89,6.24,6.42,7.93,7.89,7.94,7.99,7.82,9.06,8.68
E12000008,South East,E07000114,Thanet,5.03,6.24,6.62,7.03,7.45,7,7.29,6.94,7.55,6.95,7.09,6.54,7.43,7.9,8.21,8.71,9.42,9.1,9.19,10.22,9.96
E12000008,South East,E07000115,Tonbridge and Malling,7.17,7.67,8.09,8.5,8.31,8.7,8.24,6.8,7.89,7.37,7.52,8.06,8.99,8.12,9.53,10.04,9.85,9.66,9.72,10.23,10.67
E12000008,South East,E07000116,Tunbridge Wells,6.17,7.28,7.84,8.19,8.34,8.92,7.75,6.98,8.08,7.22,7.3,7.26,7.52,8.54,11.17,11.48,10.31,10.18,9.05,12.22,12.4
E12000008,South East,E07000177,Cherwell,5.75,7.08,7.49,7.3,7.63,8.14,7.73,6.63,6.81,7.53,7.53,8.09,8.57,8.75,9.46,9.6,9.83,10.16,9.18,9.78,9.56
E12000008,South East,E07000178,Oxford,8.65,9.29,9.2,9.64,9.28,9.88,10.19,8.87,9.43,9.21,10.04,10.39,10.2,11.14,12.44,12.17,11.66,12.36,11.75,12.46,12.15
E12000008,South East,E07000179,South Oxfordshire,6.76,7.27,7.8,8.21,8.8,8.73,8.33,8.47,8.69,8.43,9.21,8.78,8.88,10.19,10.36,10.34,10.32,10.02,10.17,11.99,11.31
E12000008,South East,E07000180,Vale of White Horse,7.1,7.59,7.91,7.75,7.81,8.04,7.92,7.27,7.84,7.88,7.98,7.91,8.56,9.36,9.73,9.71,9.48,8.96,9.27,10.58,9.82
E12000008,South East,E07000181,West Oxfordshire,6.67,7.76,8.15,8.09,8.6,8.82,8.56,7.42,7.49,8.01,7.95,8.31,8.34,8.79,9.76,10.62,9.75,9.83,10.44,11.51,10.49
E12000008,South East,E07000207,Elmbridge,8.35,8.46,8.58,8.28,8.49,8.79,9.7,9.65,11.14,9.64,10.18,11.43,12.02,12.89,13.87,14.92,13.47,13.41,14.41,14.81,16.93
E12000008,South East,E07000208,Epsom and Ewell,8.13,8.23,8.55,8.79,9.45,10.05,8.41,7.79,9.41,8.42,8.77,9.31,10.39,11.46,12.98,13.07,13.17,12.49,13.01,14.68,13.51
E12000008,South East,E07000209,Guildford,7.08,7.39,8.21,8.16,8.26,9.41,9.05,7.04,8.58,8.93,8.64,8.97,10.35,10.9,11.75,11.74,11.87,11.21,11.13,12.09,11.75
E12000008,South East,E07000210,Mole Valley,7.79,8.32,8.51,8.9,9.37,9.38,10.95,9.51,9.37,10.89,11.08,11.35,11.76,13.57,14.18,14.42,15.29,14.89,16.79,15.56,16.78
E12000008,South East,E07000211,Reigate and Banstead,6.87,7.57,8.02,8.14,8.05,7.9,7.61,7.08,7.94,7.91,7.3,7.89,8.8,9.92,11.68,11.59,10.83,10.69,10.63,12.15,11.7
E12000008,South East,E07000212,Runnymede,7.34,7.83,8.33,7.96,8.04,8.95,8.7,7.83,7.54,8.46,7.97,8.3,9.9,10.55,11.87,12.15,12.61,10.03,12.17,12.02,12.05
E12000008,South East,E07000213,Spelthorne,6.59,6.83,7,6.97,7.51,7.57,7.7,7.43,7.63,7.49,7.59,7.57,8.5,9.39,10.43,11.2,11,11.53,11.53,10.94,11.63
E12000008,South East,E07000214,Surrey Heath,6.86,7.62,7.68,7.42,7.62,7.63,7.87,7.49,7.81,8.21,8.2,8.15,8.81,10.09,10.3,10.17,10.34,11.24,11,10.53,10.5
E12000008,South East,E07000215,Tandridge,7.07,7.73,9.19,8.89,9.13,8.8,9.69,8.6,9.82,10.48,9.3,9.64,10.53,11.85,11.46,12.35,11.59,11.82,11.7,12.52,12.81
E12000008,South East,E07000216,Waverley,7.37,8.53,9.07,8.21,8.85,8.59,8.78,8.25,8.63,9.66,8.93,9.88,9.37,10.37,10.57,11.24,11.76,11.41,11.66,12.9,11.98
E12000008,South East,E07000217,Woking,6.7,7.08,7.97,8.13,8.6,8.59,8.6,8.18,8.66,8.38,7.61,8.32,9.14,10.7,10.7,11.07,11.09,10.83,9.94,11.81,11.55
E12000008,South East,E07000223,Adur,6.11,7.17,8.01,9.1,8.62,9.57,9.76,8.64,9.44,9.61,9.04,9.72,9.87,10.31,11.56,12.23,11.39,11.19,10.41,12.64,11.6
E12000008,South East,E07000224,Arun,7.27,8.56,8.07,8.77,8.64,9.56,8.44,7.94,8.71,8.9,8.71,8.62,9.09,9.62,10.15,10.36,10.21,11.06,10.04,11.29,11.58
E12000008,South East,E07000225,Chichester,6.16,7.75,10.4,9.65,9.41,10.3,10.42,8.96,9.94,9.5,9.47,10.29,11.22,11.11,11.08,11.57,11.8,10.5,12.69,13.45,12.6
E12000008,South East,E07000226,Crawley,5.99,6.49,6.64,7.23,6.7,7.92,7.63,6.7,6.76,6.87,6.83,7.16,7.93,8.63,8.96,10,10.51,9.87,9.37,9.89,9.84
E12000008,South East,E07000227,Horsham,7.21,7.77,8.35,8.26,8.29,8.21,7.92,7.56,8.56,7.98,8.84,8.78,9.89,10.23,10.62,11.24,11.14,10.93,11.67,12.18,12
E12000008,South East,E07000228,Mid Sussex,6.84,8.01,8.46,8.12,8.72,8.8,8.52,7.72,8.17,8.37,8.31,8.87,9.48,9.93,10.58,10.71,10.25,10.73,10.21,11.7,11.93
E12000008,South East,E07000229,Worthing,5.44,6.53,7.27,8.05,7.96,8.34,7.66,6.89,7.73,7.41,7.7,7.7,8.3,9.04,9.21,10.57,10.32,9.63,9.87,10.88,11.28
E12000009,South West,E06000022,Bath and North East Somerset,6.48,7.41,8,8.55,8.24,9.21,8.77,8.02,8.67,8.87,8.56,8.02,8.76,9.52,9.77,10.78,10.19,10.08,10.61,12.11,10.03
E12000009,South West,E06000023,"Bristol, City of",5.44,6.39,6.63,6.8,7.08,7.53,7.28,6.36,6.65,6.78,6.74,6.75,7.16,7.62,8.66,9.13,9.06,8.85,8.66,9.67,9.64
E12000009,South West,E06000024,North Somerset,5.16,5.9,6.34,6.54,6.61,6.92,7.12,6.43,6.86,6.45,6.3,6.37,6.7,7.29,7.51,7.68,8.27,8.3,7.79,10.12,8.83
E12000009,South West,E06000025,South Gloucestershire,5.59,6.18,6.35,6.66,6.8,7.41,7.19,6.47,7.09,6.74,6.73,6.89,6.99,7.65,8.07,8.48,8.81,8.69,9.07,9.6,9.67
E12000009,South West,E06000026,Plymouth,4.19,4.64,5.73,6.55,6.57,7.14,6.34,5.99,6.14,6,5.96,6.01,6.33,6.48,6.61,6.26,6.32,6.89,6.48,7.53,7.44
E12000009,South West,E06000027,Torbay,6.16,7.21,8.02,8.29,8.19,8.8,8.48,7.97,8.34,7.25,7.36,7.3,7.53,7.82,8.03,7.87,8.05,7.64,7.47,8.79,8.52
E12000009,South West,E06000030,Swindon,5.44,5.8,6,6.14,6.26,6.18,5.92,5.28,5.81,5.58,5.57,5.82,5.9,6.22,6.67,7.45,7.6,7.5,7.21,8.01,7.5
E12000009,South West,E06000052,Cornwall,:,7.64,8.81,9.21,9.26,9.64,9.31,8.13,8.38,8.6,8.38,8.32,8.16,8.58,8.55,8.6,8.98,8.75,8.74,10.74,9.6
E12000009,South West,E06000053,Isles of Scilly,:,:,:,:,:,:,:,25.28,:,:,:,:,:,:,:,:,:,16.96,:,:,:
E12000009,South West,E06000054,Wiltshire,6.32,7,7.22,7.7,7.83,8.01,7.86,7.01,7.82,7.63,7.97,7.69,7.89,8.32,9.05,8.92,9.22,9.2,8.82,9.83,9.31
E12000009,South West,E06000058,"Bournemouth, Christchurch and Poole",:,8.03,8.83,8.66,8.85,8.95,8.92,7.58,8.59,8.18,7.94,7.68,8.11,8.73,9.11,9.57,9.11,9.01,9.75,11.16,10.31
E12000009,South West,E06000059,Dorset,:,8.7,9.71,9.53,9.54,10.16,10.28,8.75,9.69,9.28,9.19,8.83,9.35,9.33,10.11,10.68,10.31,9.85,9.61,10.97,10.83
E12000009,South West,E07000040,East Devon,7.53,8.92,9.04,9.53,9.13,10.08,10.31,9.08,9.86,9.69,9.81,8.68,9.22,9.43,8.65,9.87,10.04,9.37,9.61,10.58,9.91
E12000009,South West,E07000041,Exeter,5.77,7.45,7.82,8.06,8.39,8.83,8.59,7.69,7.91,8.04,8.26,7.95,8.16,8.96,8.25,9.16,8.94,8.4,8.4,9.19,8.99
E12000009,South West,E07000042,Mid Devon,6.08,7.29,7.82,8.12,8.42,9.3,9.59,7.83,8.36,8.26,7.87,8.05,8,8.09,8.2,8.01,8.4,8.47,9.31,9.66,9.87
E12000009,South West,E07000043,North Devon,7.06,7.97,9.54,10.88,10.76,11.15,10.33,9.57,9.61,9.04,8.91,8.92,9.05,9.54,9.71,10.08,9.96,10.45,10.42,10.72,10.2
E12000009,South West,E07000044,South Hams,6.77,8.21,9.09,9.54,9.32,9.18,9.51,8.3,9.59,9.61,8.89,9.75,8.85,9.78,10.41,10.34,10.64,10.28,10.58,11.17,12.58
E12000009,South West,E07000045,Teignbridge,6.57,7.69,8.91,9.2,9.6,9.49,8.02,7.51,8.35,8.52,8.06,8.24,8.61,8.83,9.07,10.15,10.01,9.68,10.11,10.22,10.69
E12000009,South West,E07000046,Torridge,6.41,7.6,9.16,9.87,9.54,9.26,8.92,8.29,9.35,8.71,8.11,8.07,7.84,8.34,8.61,8.4,9.12,8.96,8.35,9.83,9.58
E12000009,South West,E07000047,West Devon,6.38,7.06,7.65,8.18,8.76,10.21,9.48,7.38,8.72,8.12,8.16,7.48,7.43,8.14,8.91,9.23,8.73,9.3,9.81,11.26,9.84
E12000009,South West,E07000078,Cheltenham,5.54,6.02,7.16,7.06,6.89,7.17,7.21,6.19,7.16,7.22,7,6.78,7.4,7.55,8.28,8.68,8.91,8.13,8.01,9.09,7.78
E12000009,South West,E07000079,Cotswold,8,9.14,9.7,10.39,9.99,9.87,10.92,9.87,11.81,10.86,10.17,10.44,10.77,11,11.51,11.01,10.94,11.43,11.25,13.26,12.11
E12000009,South West,E07000080,Forest of Dean,5.31,6.38,7.02,7.58,7.51,6.92,7.16,6.72,7.01,6.55,6.17,5.74,6.5,6.69,6.54,6.44,7.7,7.63,7.25,9.26,6.77
E12000009,South West,E07000081,Gloucester,4.53,5.75,6.31,6.41,6.81,7.11,6.67,5.5,6.29,6.03,6.13,5.81,6.27,6.57,6.61,6.91,6.98,7.02,7.66,8.18,7.7
E12000009,South West,E07000082,Stroud,6.02,6.78,7.51,7.69,7.48,8.29,7.33,6.95,7.24,7.21,6.9,7.06,7.61,8.03,8.69,8.99,9.47,9.43,8.7,10.29,9.36
E12000009,South West,E07000083,Tewkesbury,5.25,6.43,7.32,7,6.87,8.04,7.76,6.14,6.87,6.45,6.87,6.6,7.82,7.33,7.77,7.92,9.42,8.38,8.13,9.2,9.38
E12000009,South West,E07000187,Mendip,6.16,6.52,7.59,7.42,7.38,7.97,8.12,7.07,7.13,6.9,6.84,7.06,7.36,8.14,8.31,8.64,8.52,8.86,9.13,10.36,9.33
E12000009,South West,E07000188,Sedgemoor,5.01,6.17,7.25,6.5,6.87,7.11,7.38,6.37,6.77,7.43,6.95,7.07,6.65,7.08,8.04,7.83,7.86,7.83,7.94,8.84,9.16
E12000009,South West,E07000189,South Somerset,5.31,6.57,7.72,7.84,8.15,8.45,8.04,7.2,7.76,7.33,7.08,6.94,7.15,8.01,8.07,8.02,8.03,7.5,7.44,8.63,8.15
E12000009,South West,E07000246,Somerset West and Taunton,:,7.36,7.41,8.12,7.55,8.13,8.19,7.13,7.46,7.41,7.42,7.65,7.53,7.63,7.8,8.34,8.71,7.76,8.08,9.24,8.73
W92000004,Wales,W06000001,Isle of Anglesey,4.19,4.36,5.82,6.35,6.89,7.93,7.27,6.29,6.56,6.8,6.35,6.28,6.24,6.5,6.72,6.49,6.69,6.27,6.77,7.09,7.24
W92000004,Wales,W06000002,Gwynedd,3.9,4.91,5.54,6.56,6.86,6.98,7.17,6.38,6.44,6.04,5.89,5.78,5.81,6.4,6.58,6.22,6.28,6.42,5.87,7.11,6.6
W92000004,Wales,W06000003,Conwy,3.81,4.84,6.03,6.98,7.19,7.01,6.57,5.86,6.57,6.35,6.23,5.35,5.52,5.39,5.88,5.98,6.21,6.36,5.55,6.81,6.38
W92000004,Wales,W06000004,Denbighshire,3.09,4,4.91,6.25,6.95,6.59,6.56,5.68,6.06,5.51,5.81,5.65,5.94,6.09,5.77,5.56,5.7,5.89,6.03,6.72,6.64
W92000004,Wales,W06000005,Flintshire,3.38,4.07,5.12,5.62,5.53,6.37,5.94,5.5,5.45,5.58,5.54,5.39,5.2,5.5,5.43,5.82,5.95,6.07,5.99,6.16,6.12
W92000004,Wales,W06000006,Wrexham,3.5,4.63,5.78,5.77,6.27,6.02,6.01,5.43,5.5,5.75,5.66,5.1,5.31,5.34,5.56,5.8,5.51,5.35,5.29,6.19,5.81
W92000004,Wales,W06000008,Ceredigion,4.8,5.5,7.88,7.87,8.53,9.6,9.29,7.48,8.26,7.74,7.8,6.88,7.6,7.66,7.45,7.57,7.19,7.46,6.98,7.7,8.07
W92000004,Wales,W06000009,Pembrokeshire,4.72,5.48,7.13,7.63,8.21,7.92,7,7.18,6.94,6.48,7.12,6.59,6.48,6.8,6.9,6.69,6.8,7.13,6.44,6.6,6.9
W92000004,Wales,W06000010,Carmarthenshire,2.9,3.59,5.39,6.16,6.51,6.42,6.29,5.54,5.7,5.55,5.27,4.79,4.8,5.34,5.5,5.07,5.21,5.16,4.94,5.64,5.35
W92000004,Wales,W06000011,Swansea,3.22,4.03,4.87,5.7,6,6.16,6.03,5.64,5.46,5.04,5.01,5.1,5.03,5.34,5.39,5.31,5.02,5.33,5.55,6.05,5.95
W92000004,Wales,W06000012,Neath Port Talbot,2.47,2.48,3.36,4.16,4.04,4.67,4.77,4.32,3.78,4.31,4.1,4.13,4.16,4.12,4.33,4.39,4.48,4.14,4.5,4.41,4.58
W92000004,Wales,W06000013,Bridgend,3.32,3.92,4.6,5.18,5.84,5.67,5.42,5.54,5.28,5.19,5.06,5.11,4.98,5.25,5.48,5.41,5.22,5.55,5.67,5.97,5.9
W92000004,Wales,W06000014,Vale of Glamorgan,4.47,5.09,5.57,5.98,6.05,6.78,6.8,6.03,6.14,6.13,6.35,6.11,6.58,6.62,6.13,6.63,7.15,6.9,7.56,8.61,8.46
W92000004,Wales,W06000015,Cardiff,4.85,6.01,6.5,6.48,6.87,6.96,6.66,5.94,6.28,6.15,6.11,6.17,6.24,6.37,6.54,6.57,6.72,6.66,7.47,8.21,7.83
W92000004,Wales,W06000016,Rhondda Cynon Taf,2.46,2.9,3.56,4.24,4.35,4.71,4.51,4.06,4.07,3.85,3.82,3.72,3.84,4.15,4.35,4.14,4.23,4.3,4.18,4.85,4.66
W92000004,Wales,W06000018,Caerphilly,3,3.65,4.62,5.02,5.72,5.61,5.74,4.82,5.12,4.75,4.79,4.68,5.02,4.87,4.95,4.89,4.87,4.94,4.95,5.29,5.72
W92000004,Wales,W06000019,Blaenau Gwent,2.42,2.28,3.18,4.3,4.37,4.51,4.67,4.06,3.89,3.64,3.49,3.32,3.56,3.39,3.48,3.19,3.32,3.82,3.51,3.91,4.46
W92000004,Wales,W06000020,Torfaen,2.95,3.63,4.31,4.44,4.79,5.04,5.6,5.01,4.89,4.98,5.12,5.16,4.85,4.83,4.96,4.68,5.28,5.5,5.56,6.4,5.74
W92000004,Wales,W06000021,Monmouthshire,5.43,5.68,6.85,7.42,7.25,7.33,6.79,6.03,6.97,6.66,6.69,6.53,6.66,6.86,6.59,7.16,7.28,7.31,7.55,8.55,8.15
W92000004,Wales,W06000022,Newport,3.76,4.22,5.28,5.57,5.85,6.17,6.29,5.14,5.3,5.29,5.24,5.45,5.42,5.82,6.1,6,5.91,6.18,6.01,7.02,6.38
W92000004,Wales,W06000023,Powys,4.57,5.17,7.26,7.37,7.76,7.9,7.59,7.09,7.26,6.76,7.48,7.35,7.15,6.63,6.56,6.98,6.89,6.68,6.35,7.86,8.04
W92000004,Wales,W06000024,Merthyr Tydfil,2.35,2.52,3.05,3.85,4.27,4.82,4.62,4.25,4.23,3.96,3.86,3.88,4.07,4.08,3.98,3.93,3.9,3.83,4.51,4.57,4.8
