Area code,Area name,Qualification index score,"Qualification index rank 
(lowest = 1, highest = 331)",Qualification index rank percentile,No qualifications (number),Level 1 and entry level qualifications (number),Level 2 qualifications (number),Apprenticeship (number),Level 3 qualifications (number),Level 4 qualifications and above (number),Other (number), No qualifications (percent), Level 1 and entry level qualifications (percent), Level 2 qualifications (percent), Apprenticeship (percent), Level 3 qualifications (percent), Level 4 qualifications and above (percent), Other (percent)
K04000001,England and Wales,2.45,x,x,8827472,4679223,6493490,2590252,8225629,16413231,1337076,18.2,9.6,13.4,5.3,16.9,33.8,2.8
E06000001,Hartlepool,2.2,278,16,17286,7076,10963,5205,13776,18526,1854,23.1,9.5,14.7,7,18.4,24.8,2.5
E06000002,Middlesbrough,2.19,282,15,27282,11221,15270,7040,19976,30127,3023,23.9,9.8,13.4,6.2,17.5,26.4,2.7
E06000003,Redcar and Cleveland,2.23,268,19,24732,10983,15663,8692,21300,28003,2969,22,9.8,13.9,7.7,19,24.9,2.6
E06000004,Stockton-on-Tees,2.38,196,41,29441,15324,23005,10565,29004,46648,4023,18.6,9.7,14.6,6.7,18.4,29.5,2.5
E06000005,Darlington,2.36,205,38,16972,8276,12733,6215,16141,25517,2253,19.3,9.4,14.5,7.1,18.3,29,2.6
E06000006,Halton,2.18,286,14,21865,12338,17403,5718,19057,24876,2691,21,11.9,16.7,5.5,18.3,23.9,2.6
E06000007,Warrington,2.47,144,56,28453,17238,25489,10298,29830,56955,4454,16.5,10,14.8,6,17.3,33,2.6
E06000008,Blackburn with Darwen,2.16,296,11,28923,12968,16574,6550,18823,32054,3616,24.2,10.9,13.9,5.5,15.8,26.8,3
E06000009,Blackpool,2.08,317,4,28575,13677,17470,7889,19382,26177,3170,24.6,11.8,15,6.8,16.7,22.5,2.7
E06000010,Kingston upon Hull,2.06,319,4,54010,24163,30143,14691,37418,46511,6944,25.3,11.3,14.1,6.9,17.5,21.7,3.2
E06000011,East Riding of Yorkshire,2.4,185,44,52477,28930,40565,20621,49602,87851,8094,18.2,10,14.1,7.2,17.2,30.5,2.8
E06000012,North East Lincolnshire,2.06,320,3,30907,15531,20513,8313,20885,27537,3837,24.2,12.2,16.1,6.5,16.4,21.6,3
E06000013,North Lincolnshire,2.17,292,12,30466,16292,21104,9922,23954,33361,4368,21.8,11.7,15.1,7.1,17.2,23.9,3.1
E06000014,York,2.72,39,88,22953,12802,19552,9032,37410,66749,3585,13.3,7.4,11.4,5.2,21.7,38.8,2.1
E06000015,Derby,2.33,219,34,42141,21586,27706,13064,36230,62097,6365,20.1,10.3,13.2,6.2,17.3,29.7,3
E06000016,Leicester,2.1,310,6,77692,31152,33954,11024,46860,77900,12431,26.7,10.7,11.7,3.8,16.1,26.8,4.3
E06000017,Rutland,2.65,60,82,4491,2953,5278,1936,5835,13012,795,13.1,8.6,15.4,5.6,17,37.9,2.3
E06000018,Nottingham,2.4,188,43,51554,23096,29844,10835,66236,75673,7084,19.5,8.7,11.3,4.1,25.1,28.6,2.7
E06000019,Herefordshire,2.44,167,50,28315,14982,22184,9258,26573,51420,4401,18,9.5,14.1,5.9,16.9,32.7,2.8
E06000020,Telford and Wrekin,2.26,258,22,29666,16732,23218,8212,27765,38803,4277,20,11.3,15.6,5.5,18.7,26.1,2.9
E06000021,Stoke-on-Trent,2.05,322,3,53354,22574,30443,14144,34678,44948,5757,25.9,11,14.8,6.9,16.8,21.8,2.8
E06000022,Bath and North East Somerset,2.76,34,90,19805,11972,19147,7608,35318,64251,3517,12.3,7.4,11.8,4.7,21.9,39.8,2.2
E06000023,Bristol,2.72,38,89,56657,29350,41789,15282,73981,164106,8543,14.5,7.5,10.7,3.9,19,42.1,2.2
E06000024,North Somerset,2.54,108,67,26615,17219,26482,10668,32377,60489,4717,14.9,9.6,14.8,6,18.1,33.9,2.6
E06000025,South Gloucestershire,2.55,103,69,33792,23996,33959,15142,46440,78233,5802,14.2,10.1,14.3,6.4,19.6,33,2.4
E06000026,Plymouth,2.4,182,45,37894,21388,30727,15836,47362,60155,5262,17.3,9.8,14.1,7.2,21.7,27.5,2.4
E06000027,Torbay,2.25,263,21,23137,13696,18096,8688,20227,29628,3560,19.8,11.7,15.5,7.4,17.3,25.3,3
E06000030,Swindon,2.31,227,31,32430,24335,30268,10948,30591,52220,6359,17.3,13,16.2,5.8,16.3,27.9,3.4
E06000031,Peterborough,2.17,293,11,37471,20666,24191,9286,25727,43956,6276,22.4,12.3,14.4,5.5,15.4,26.2,3.7
E06000032,Luton,2.23,270,18,39478,19650,21943,8349,24832,51546,6900,22.9,11.4,12.7,4.8,14.4,29.8,4
E06000033,Southend-on-Sea,2.26,257,22,28823,17593,23151,7432,25291,39832,4288,19.7,12,15.8,5.1,17.3,27.2,2.9
E06000034,Thurrock,2.19,285,14,29443,16640,21251,6757,22151,35723,4398,21.6,12.2,15.6,5,16.2,26.2,3.2
E06000035,Medway,2.25,261,21,43158,26898,35426,13625,40009,57001,6641,19.4,12.1,15.9,6.1,18,25.6,3
E06000036,Bracknell Forest,2.59,90,73,13183,10581,14929,5171,17874,35578,2617,13.2,10.6,14.9,5.2,17.9,35.6,2.6
E06000037,West Berkshire,2.59,86,74,18484,12985,18954,6788,22048,48376,3101,14.1,9.9,14.5,5.2,16.9,37,2.4
E06000038,Reading,2.63,70,79,22361,12932,15070,5853,23734,57149,4263,15.8,9.1,10.7,4.1,16.8,40.4,3
E06000039,Slough,2.38,195,41,23966,12764,14336,5004,16181,41423,5260,20.2,10.7,12.1,4.2,13.6,34.8,4.4
E06000040,Windsor and Maidenhead,2.77,29,91,15552,10077,15918,5060,18341,55603,3124,12.6,8.1,12.9,4.1,14.8,45,2.5
E06000041,Wokingham,2.86,16,95,14671,11396,17773,5746,22992,65047,3196,10.4,8.1,12.6,4.1,16.3,46.2,2.3
E06000042,Milton Keynes,2.51,124,63,35577,24422,32011,10477,35371,80545,6428,15.8,10.9,14.2,4.7,15.7,35.8,2.9
E06000043,Brighton and Hove,2.82,23,93,29215,16545,25067,8052,46359,104790,5339,12.4,7,10.7,3.4,19.7,44.5,2.3
E06000044,Portsmouth,2.44,168,49,29766,16434,22404,9093,37296,51190,4638,17.4,9.6,13.1,5.3,21.8,30,2.7
E06000045,Southampton,2.46,149,55,35381,19470,25671,11096,41992,64663,6095,17.3,9.5,12.6,5.4,20.5,31.6,3
E06000046,Isle of Wight,2.33,221,33,22064,13355,17501,8926,21444,32783,3513,18.5,11.2,14.6,7.5,17.9,27.4,2.9
E06000047,County Durham,2.29,241,27,90804,41359,61724,27061,86414,116019,10577,20.9,9.5,14.2,6.2,19.9,26.7,2.4
E06000049,Cheshire East,2.61,81,76,49524,28571,45115,19394,55373,123785,7711,15,8.7,13.7,5.9,16.8,37.6,2.3
E06000050,Cheshire West and Chester,2.55,102,69,46771,27467,40467,15914,52461,105387,6891,15.8,9.3,13.7,5.4,17.8,35.7,2.3
E06000051,Shropshire,2.47,148,55,45573,26154,40900,16564,47417,88502,7136,16.7,9.6,15,6.1,17.4,32.5,2.6
E06000052,Cornwall,2.45,159,52,77919,47676,72367,31455,89955,145890,12163,16.3,10,15.2,6.6,18.8,30.6,2.5
E06000053,Isles of Scilly,2.71,42,87,213,119,272,88,341,655,42,12.3,6.9,15.7,5.1,19.7,37.9,2.4
E06000054,Wiltshire,2.54,105,68,60409,42756,62668,23327,76544,143201,10209,14.4,10.2,15,5.6,18.3,34.2,2.4
E06000055,Bedford,2.49,136,59,24813,15366,19977,8263,23976,51411,4312,16.8,10.4,13.5,5.6,16.2,34.7,2.9
E06000056,Central Bedfordshire,2.51,118,64,35598,24650,34892,14069,43107,78654,5789,15,10.4,14.7,5.9,18.2,33.2,2.4
E06000057,Northumberland,2.42,178,46,48173,26051,38873,18624,47690,82653,6782,17.9,9.7,14.5,6.9,17.7,30.7,2.5
E06000058,"Bournemouth, Christchurch and Poole",2.49,135,59,53317,33102,47335,20187,63771,107437,9759,15.9,9.9,14.1,6,19,32.1,2.9
E06000059,Dorset,2.47,147,56,50834,33549,48267,21943,56884,101298,9127,15.8,10.4,15,6.8,17.7,31.5,2.8
E06000060,Buckinghamshire,2.68,51,85,60981,39427,59473,21261,69811,181721,10721,13.8,8.9,13.4,4.8,15.7,41,2.4
E06000061,North Northamptonshire,2.25,260,21,57682,34404,44428,18199,48272,77281,8920,19.9,11.9,15.4,6.3,16.7,26.7,3.1
E06000062,West Northamptonshire,2.42,177,47,59804,37390,49213,19758,58081,109086,10168,17.4,10.9,14.3,5.8,16.9,31.8,3
E07000008,Cambridge,3.11,4,99,11957,5989,8592,3236,22686,69666,2639,9.6,4.8,6.9,2.6,18.2,55.8,2.1
E07000009,East Cambridgeshire,2.51,122,63,11824,6993,9636,4385,11736,25007,1848,16.6,9.8,13.5,6.1,16.4,35,2.6
E07000010,Fenland,1.97,328,1,21889,10947,13346,5732,13842,16152,2924,25.8,12.9,15.7,6.8,16.3,19,3.4
E07000011,Huntingdonshire,2.49,134,60,23194,15790,21608,8222,26020,49593,3834,15.6,10.7,14.6,5.5,17.6,33.4,2.6
E07000012,South Cambridgeshire,2.85,18,95,15409,10095,15214,6049,18451,62375,2769,11.8,7.7,11.7,4.6,14.2,47.8,2.1
E07000026,Allerdale,2.31,228,31,16609,7969,11162,6020,13887,22855,2011,20.6,9.9,13.9,7.5,17.2,28.4,2.5
E07000027,Barrow-in-Furness,2.35,214,35,10307,5527,7380,6075,11450,13821,1274,18.5,9.9,13.2,10.9,20.5,24.8,2.3
E07000028,Carlisle,2.31,230,31,18141,9640,13322,6464,16000,25472,2304,19.9,10.6,14.6,7.1,17.5,27.9,2.5
E07000029,Copeland,2.26,255,23,11895,5629,7780,4514,10272,14543,1375,21.2,10.1,13.9,8.1,18.3,26,2.5
E07000030,Eden,2.45,157,53,8086,4645,6651,3132,7854,15183,1084,17.3,10,14.3,6.7,16.8,32.6,2.3
E07000031,South Lakeland,2.67,54,84,12393,7393,11563,6323,15341,34591,2099,13.8,8.2,12.9,7,17.1,38.6,2.3
E07000032,Amber Valley,2.33,222,33,20668,10975,15009,7032,18723,30265,2388,19.7,10.4,14.3,6.7,17.8,28.8,2.3
E07000033,Bolsover,2.08,313,5,16018,7697,10066,4516,11771,14406,1804,24.2,11.6,15.2,6.8,17.8,21.7,2.7
E07000034,Chesterfield,2.27,251,24,17380,9384,13050,5515,15449,23053,2170,20.2,10.9,15.2,6.4,18,26.8,2.5
E07000035,Derbyshire Dales,2.61,79,76,9583,5301,8121,3173,9588,23939,1353,15.7,8.7,13.3,5.2,15.7,39.2,2.2
E07000036,Erewash,2.27,252,24,18530,10440,14022,6983,17036,24203,2316,19.8,11.2,15,7.5,18.2,25.9,2.5
E07000037,High Peak,2.57,95,71,11307,7063,10412,4578,13751,26922,1627,14.9,9.3,13.8,6.1,18.2,35.6,2.2
E07000038,North East Derbyshire,2.3,234,29,17066,9101,12364,5825,15328,23507,2082,20,10.7,14.5,6.8,18,27.6,2.4
E07000039,South Derbyshire,2.48,140,58,13922,8596,12843,5439,16365,27668,2121,16,9.9,14.8,6.3,18.8,31.8,2.4
E07000040,East Devon,2.53,114,66,19207,12653,19009,8200,21722,43114,3484,15.1,9.9,14.9,6.4,17.1,33.8,2.7
E07000041,Exeter,2.65,59,82,15078,9098,12730,5316,27915,38612,2582,13.5,8.2,11.4,4.8,25.1,34.7,2.3
E07000042,Mid Devon,2.42,174,47,11614,6968,10548,4122,12262,20928,1762,17,10.2,15.5,6,18,30.7,2.6
E07000043,North Devon,2.36,206,38,14596,9099,12743,5557,14604,23458,2137,17.8,11.1,15.5,6.8,17.8,28.5,2.6
E07000044,South Hams,2.7,45,86,9725,6329,10121,4397,12682,29878,1838,13,8.4,13.5,5.9,16.9,39.9,2.5
E07000045,Teignbridge,2.49,132,60,17758,11479,16817,7420,19731,37172,3084,15.7,10.1,14.8,6.5,17.4,32.8,2.7
E07000046,Torridge,2.29,242,27,10824,6635,9073,4208,10137,15059,1624,18.8,11.5,15.8,7.3,17.6,26.2,2.8
E07000047,West Devon,2.51,119,64,7530,4858,7079,3049,8119,16468,1258,15.6,10,14.6,6.3,16.8,34.1,2.6
E07000061,Eastbourne,2.36,209,37,15567,9379,12393,4808,14436,25210,2781,18.4,11.1,14.7,5.7,17.1,29.8,3.3
E07000062,Hastings,2.29,245,26,15039,8387,11256,3815,12768,21357,2082,20.1,11.2,15.1,5.1,17.1,28.6,2.8
E07000063,Lewes,2.51,126,62,13372,8498,11840,4497,13794,28978,2243,16.1,10.2,14.2,5.4,16.6,34.8,2.7
E07000064,Rother,2.34,216,35,15007,8802,11688,4728,13035,23746,2483,18.9,11.1,14.7,5.9,16.4,29.9,3.1
E07000065,Wealden,2.5,129,61,19965,13935,20838,7742,24057,43548,3563,14.9,10.4,15.6,5.8,18,32.6,2.7
E07000066,Basildon,2.17,290,12,30827,19440,24489,7966,25316,36541,4084,20.7,13.1,16.5,5.4,17,24.6,2.7
E07000067,Braintree,2.27,250,24,23238,15569,21107,7466,23081,32674,3431,18.4,12.3,16.7,5.9,18.2,25.8,2.7
E07000068,Brentwood,2.54,106,68,9482,6071,9668,2966,10790,22248,1643,15.1,9.7,15.4,4.7,17.2,35.4,2.6
E07000069,Castle Point,1.99,325,2,17753,10153,12632,5036,12659,13747,2432,23.9,13.6,17,6.8,17,18.5,3.3
E07000070,Chelmsford,2.51,121,63,22401,15318,22513,7621,25917,50086,3882,15.2,10.4,15.2,5.2,17.5,33.9,2.6
E07000071,Colchester,2.49,133,60,24043,16123,23196,8139,30420,50401,4020,15.4,10.3,14.8,5.2,19.5,32.2,2.6
E07000072,Epping Forest,2.39,192,42,20734,11388,16115,5490,17575,35632,2995,18.9,10.4,14.7,5,16,32.4,2.7
E07000073,Harlow,2.16,295,11,15364,9802,11618,4120,12132,17864,2202,21,13.4,15.9,5.6,16.6,24.4,3
E07000074,Maldon,2.25,262,21,10674,6744,8920,3600,9798,14080,1612,19.3,12.2,16.1,6.5,17.7,25.4,2.9
E07000075,Rochford,2.2,279,16,13556,9084,12358,4440,13097,16095,2080,19.2,12.8,17.5,6.3,18.5,22.8,2.9
E07000076,Tendring,1.97,327,1,32782,16158,19076,8535,19444,24811,4084,26.2,12.9,15.3,6.8,15.6,19.9,3.3
E07000077,Uttlesford,2.6,84,75,10117,6980,11425,3739,12688,26926,1646,13.8,9.5,15.5,5.1,17.3,36.6,2.2
E07000078,Cheltenham,2.74,37,89,13181,7848,12338,4337,15886,42441,2405,13.4,8,12.5,4.4,16.1,43.1,2.4
E07000079,Cotswold,2.66,56,83,10439,6768,10640,3669,12575,30370,1854,13.7,8.9,13.9,4.8,16.5,39.8,2.4
E07000080,Forest of Dean,2.35,210,37,13427,7648,11425,4722,12861,21023,1941,18.4,10.5,15.6,6.5,17.6,28.8,2.7
E07000081,Gloucester,2.33,225,32,19473,12336,16332,6536,19965,29295,3002,18.2,11.5,15.3,6.1,18.7,27.4,2.8
E07000082,Stroud,2.66,58,82,13517,9028,13879,5638,17118,38746,2269,13.5,9,13.9,5.6,17.1,38.7,2.3
E07000083,Tewkesbury,2.59,89,73,10717,7566,11500,4432,13455,27744,1938,13.9,9.8,14.9,5.7,17.4,35.9,2.5
E07000084,Basingstoke and Deane,2.56,98,70,21302,15914,21571,7405,27027,52806,3782,14.2,10.6,14.4,4.9,18,35.2,2.5
E07000085,East Hampshire,2.67,55,83,13605,9076,15052,4996,18474,40207,2420,13.1,8.7,14.5,4.8,17.8,38.7,2.3
E07000086,Eastleigh,2.56,100,70,15155,11209,16397,7251,21007,36540,2775,13.7,10.2,14.9,6.6,19,33.1,2.5
E07000087,Fareham,2.57,96,71,13246,9376,13952,6292,18423,31910,2435,13.9,9.8,14.6,6.6,19.3,33.4,2.5
E07000088,Gosport,2.29,239,28,11695,8504,10664,4495,13322,16648,1883,17.4,12.7,15.9,6.7,19.8,24.8,2.8
E07000089,Hart,2.76,32,90,8742,7066,11310,3800,14320,33217,1872,10.9,8.8,14.1,4.7,17.8,41.4,2.3
E07000090,Havant,2.27,254,23,20492,11643,15718,6593,18281,27262,2876,19.9,11.3,15.3,6.4,17.8,26.5,2.8
E07000091,New Forest,2.46,151,54,23951,15276,22002,10396,26369,46380,4370,16.1,10.3,14.8,7,17.7,31.2,2.9
E07000092,Rushmoor,2.35,212,36,14803,9582,11523,4515,13850,24115,2483,18.3,11.8,14.2,5.6,17.1,29.8,3.1
E07000093,Test Valley,2.58,92,72,15047,10487,15329,5805,19252,38099,2733,14.1,9.8,14.4,5.4,18,35.7,2.6
E07000094,Winchester,2.85,17,95,11624,7320,12998,4209,19439,47033,2127,11.1,7,12.4,4,18.6,44.9,2
E07000095,Broxbourne,2.24,265,20,16557,9349,11727,4508,13270,21689,2337,20.8,11.8,14.8,5.7,16.7,27.3,2.9
E07000096,Dacorum,2.58,93,72,18167,12499,17595,5928,19844,46745,3002,14.7,10.1,14.2,4.8,16,37.8,2.4
E07000098,Hertsmere,2.59,88,73,13778,7921,11396,3825,12741,34134,2396,16,9.2,13.2,4.4,14.8,39.6,2.8
E07000099,North Hertfordshire,2.68,49,85,14652,9987,14358,4833,16645,44740,2526,13.6,9.3,13.3,4.5,15.4,41.5,2.3
E07000102,Three Rivers,2.71,40,88,10022,6539,9838,3331,11479,32023,1771,13.4,8.7,13.1,4.4,15.3,42.7,2.4
E07000103,Watford,2.62,75,77,12841,7463,9965,3296,11677,33256,2465,15.9,9.2,12.3,4.1,14.4,41.1,3
E07000105,Ashford,2.37,200,40,18829,12098,16412,5952,18232,32148,3095,17.6,11.3,15.4,5.6,17.1,30.1,2.9
E07000106,Canterbury,2.53,112,66,21555,11845,16598,6456,28827,43896,3598,16.2,8.9,12.5,4.9,21.7,33.1,2.7
E07000107,Dartford,2.45,162,51,14717,10008,13850,5055,15187,29362,2521,16.2,11,15.3,5.6,16.7,32.4,2.8
E07000108,Dover,2.29,246,26,18706,10741,14905,5682,17218,25951,2927,19.5,11.2,15.5,5.9,17.9,27,3
E07000109,Gravesham,2.24,266,20,17186,10086,12846,4954,13962,22572,2948,20.3,11.9,15.2,5.9,16.5,26.7,3.5
E07000110,Maidstone,2.39,193,42,24786,15510,21706,8547,24906,42531,4148,17.4,10.9,15.3,6,17.5,29.9,2.9
E07000111,Sevenoaks,2.56,99,70,15087,9281,14060,4641,15101,36073,2360,15.6,9.6,14.6,4.8,15.6,37.3,2.4
E07000112,Folkestone and Hythe,2.29,243,27,17756,10642,13599,5791,15793,25068,2907,19.4,11.6,14.9,6.3,17.2,27.4,3.2
E07000113,Swale,2.15,298,10,26824,15032,18975,7665,21027,28911,3566,22,12.3,15.6,6.3,17.2,23.7,2.9
E07000114,Thanet,2.21,276,17,24990,13332,16646,7147,19294,30376,3632,21.7,11.6,14.4,6.2,16.7,26.3,3.1
E07000115,Tonbridge and Malling,2.48,142,57,16324,11163,16681,5851,18458,34332,2717,15.5,10.6,15.8,5.5,17.5,32.5,2.6
E07000116,Tunbridge Wells,2.68,50,85,12454,7996,13396,3874,14385,38010,2285,13.5,8.7,14.5,4.2,15.6,41.1,2.5
E07000117,Burnley,2.12,303,8,18347,8368,10415,4920,12610,18299,2240,24.4,11.1,13.8,6.5,16.8,24.3,3
E07000118,Chorley,2.52,116,65,15422,9007,13468,6465,17264,32614,2129,16,9.3,14,6.7,17.9,33.8,2.2
E07000119,Fylde,2.53,113,66,11117,6406,9605,4387,12055,23868,1809,16.1,9.3,13.9,6.3,17.4,34.5,2.6
E07000120,Hyndburn,2.2,280,15,14951,6845,9321,4778,11527,16514,1696,22.8,10.4,14.2,7.3,17.6,25.2,2.6
E07000121,Lancaster,2.54,107,68,18885,10307,14998,6790,27060,38664,2937,15.8,8.6,12.5,5.7,22.6,32.3,2.5
E07000122,Pendle,2.14,301,9,18639,8006,9740,4852,12521,19085,2379,24.8,10.6,12.9,6.5,16.6,25.4,3.2
E07000123,Preston,2.4,186,44,23079,11143,15243,6411,21665,37641,3487,19.4,9.4,12.8,5.4,18.3,31.7,2.9
E07000124,Ribble Valley,2.71,43,87,6802,4059,6746,3472,8863,20456,1064,13.2,7.9,13.1,6.7,17.2,39.7,2.1
E07000125,Rossendale,2.4,184,44,10672,5433,8145,3651,10561,17565,1271,18.6,9.5,14.2,6.4,18.4,30.7,2.2
E07000126,South Ribble,2.5,128,61,14356,8782,12886,6678,17422,29235,2140,15.7,9.6,14.1,7.3,19,32,2.3
E07000127,West Lancashire,2.43,169,49,17485,9061,13457,5776,20675,29460,2418,17.8,9.2,13.7,5.9,21,30,2.5
E07000128,Wyre,2.32,226,32,18693,9497,13859,6726,16519,26682,2375,19.8,10.1,14.7,7.1,17.5,28.3,2.5
E07000129,Blaby,2.43,170,49,14463,8373,11882,5944,15427,25547,2031,17.3,10,14.2,7.1,18.4,30.5,2.4
E07000130,Charnwood,2.54,109,67,24122,13858,18970,8982,33746,49884,3538,15.8,9.1,12.4,5.9,22,32.6,2.3
E07000131,Harborough,2.64,64,81,10937,7232,11248,4832,13900,30387,1892,13.6,9,14,6,17.3,37.8,2.4
E07000132,Hinckley and Bosworth,2.37,203,39,17207,10026,13584,6196,16900,27630,2375,18.3,10.7,14.5,6.6,18,29.4,2.5
E07000133,Melton,2.46,152,54,7034,4293,6303,2893,7908,13349,1166,16.4,10,14.7,6.7,18.4,31.1,2.7
E07000134,North West Leicestershire,2.39,190,43,15813,8570,12133,5566,16173,25818,2092,18.4,9.9,14.1,6.5,18.8,30,2.4
E07000135,Oadby and Wigston,2.43,172,48,8771,4581,6035,2692,8731,15123,1277,18.6,9.7,12.8,5.7,18.5,32,2.7
E07000136,Boston,1.91,331,0,15921,7317,8274,4241,8157,10963,2711,27.6,12.7,14.4,7.4,14.2,19,4.7
E07000137,East Lindsey,2.05,321,3,30632,13930,18400,8542,20068,26133,3713,25.2,11.5,15.2,7,16.5,21.5,3.1
E07000138,Lincoln,2.4,183,45,15135,8461,11149,4845,22253,22943,2281,17.4,9.7,12.8,5.6,25.6,26.4,2.6
E07000139,North Kesteven,2.45,156,53,15887,9741,14570,6344,19662,29278,2533,16.2,9.9,14.9,6.5,20.1,29.9,2.6
E07000140,South Holland,2.02,324,2,19399,9844,12424,5601,12675,15866,3188,24.6,12.5,15.7,7.1,16,20.1,4
E07000141,South Kesteven,2.42,179,46,19963,12432,17947,7707,21236,35554,3174,16.9,10.5,15.2,6.5,18,30.1,2.7
E07000142,West Lindsey,2.38,197,40,14326,8194,11616,5360,14323,23191,2107,18.1,10.4,14.7,6.8,18.1,29.3,2.7
E07000143,Breckland,2.14,302,9,26228,14196,18382,8066,19911,27207,3862,22.3,12,15.6,6.8,16.9,23.1,3.3
E07000144,Broadland,2.35,211,36,19415,12253,17364,8114,20032,30320,3008,17.6,11.1,15.7,7.3,18.1,27.4,2.7
E07000145,Great Yarmouth,1.93,330,0,21926,10744,12935,5971,13209,15091,2843,26.5,13,15.6,7.2,16,18.2,3.4
E07000146,King's Lynn and West Norfolk,2.11,309,7,30136,15595,19503,8226,21172,30036,4224,23.4,12.1,15.1,6.4,16.4,23.3,3.3
E07000147,North Norfolk,2.24,267,19,18332,10337,13574,6300,14426,23391,2787,20.6,11.6,15.2,7.1,16.2,26.2,3.1
E07000148,Norwich,2.51,120,64,20617,11147,14453,5181,25170,41202,2992,17.1,9.2,12,4.3,20.8,34.1,2.5
E07000149,South Norfolk,2.44,164,50,19996,11816,17561,7045,20294,37556,2951,17.1,10.1,15,6,17.3,32,2.5
E07000163,Craven,2.62,71,79,7032,4260,6406,3114,8257,18165,1050,14.6,8.8,13.3,6.4,17.1,37.6,2.2
E07000164,Hambleton,2.59,87,74,11686,6806,10321,4998,13201,28170,1799,15.2,8.8,13.4,6.5,17.1,36.6,2.3
E07000165,Harrogate,2.67,53,84,18605,11298,18794,7425,21872,54047,3264,13.8,8.4,13.9,5.5,16.2,39.9,2.4
E07000166,Richmondshire,2.52,115,65,6425,3904,6097,2892,7766,13702,954,15.4,9.4,14.6,6.9,18.6,32.8,2.3
E07000167,Ryedale,2.45,158,52,8210,4381,6730,3010,7555,15303,1135,17.7,9.5,14.5,6.5,16.3,33,2.5
E07000168,Scarborough,2.3,237,28,18938,9288,13002,7486,15466,25365,2565,20.6,10.1,14.1,8.1,16.8,27.5,2.8
E07000169,Selby,2.48,143,57,12094,7686,11027,4976,13710,24194,1743,16,10.2,14.6,6.6,18.2,32.1,2.3
E07000170,Ashfield,2.09,312,6,24281,12299,16138,6949,18393,22185,2602,23.6,12,15.7,6.8,17.9,21.6,2.5
E07000171,Bassetlaw,2.22,275,17,21013,10651,14392,6514,16961,24848,2988,21.6,10.9,14.8,6.7,17.4,25.5,3.1
E07000172,Broxtowe,2.49,131,60,16079,8758,11486,5535,16771,31640,2270,17.4,9.5,12.4,6,18.1,34.2,2.5
E07000173,Gedling,2.44,163,51,17002,9337,13327,5965,17661,30727,2439,17.6,9.7,13.8,6.2,18.3,31.9,2.5
E07000174,Mansfield,2.08,314,5,21910,10542,13216,5898,15853,19902,2849,24.3,11.7,14.7,6.5,17.6,22.1,3.2
E07000175,Newark and Sherwood,2.35,215,35,19448,10577,14913,6360,18403,29579,2687,19.1,10.4,14.6,6.2,18,29,2.6
E07000176,Rushcliffe,2.83,22,93,11727,6924,11725,4378,16649,44227,2094,12,7.1,12,4.5,17,45.3,2.1
E07000177,Cherwell,2.51,125,62,20951,13727,18169,7305,20982,45840,3614,16,10.5,13.9,5.6,16.1,35.1,2.8
E07000178,Oxford,2.9,15,95,17204,8339,10389,3798,28127,65698,3163,12.6,6.1,7.6,2.8,20.6,48.1,2.3
E07000179,South Oxfordshire,2.76,33,90,15109,10349,15412,5837,19105,52950,2729,12.4,8.5,12.7,4.8,15.7,43.6,2.2
E07000180,Vale of White Horse,2.77,31,91,14092,9588,13750,5595,17367,49504,2530,12.5,8.5,12.2,5,15.4,44,2.3
E07000181,West Oxfordshire,2.63,67,80,13058,8896,12617,5076,16106,35913,2143,13.9,9.5,13.4,5.4,17.2,38.3,2.3
E07000187,Mendip,2.5,127,62,15504,9097,14339,5478,16704,32616,2313,16.1,9.5,14.9,5.7,17.4,34,2.4
E07000188,Sedgemoor,2.27,253,24,20290,11654,16176,7042,18553,27081,2985,19.6,11.2,15.6,6.8,17.9,26.1,2.9
E07000189,South Somerset,2.42,175,47,23749,15108,21995,10407,25900,42574,4078,16.5,10.5,15.3,7.2,18,29.6,2.8
E07000192,Cannock Chase,2.15,300,9,18134,9826,13079,4989,15521,18748,2181,22,11.9,15.9,6,18.8,22.7,2.6
E07000193,East Staffordshire,2.3,231,30,20231,10759,14594,6021,17079,28826,2998,20.1,10.7,14.5,6,17,28.7,3
E07000194,Lichfield,2.47,146,56,15110,8930,12487,4743,15241,29789,2296,17.1,10.1,14.1,5.4,17.2,33.6,2.6
E07000195,Newcastle-under-Lyme,2.33,220,34,20689,9991,14052,6883,20200,28938,2430,20.1,9.7,13.6,6.7,19.6,28,2.4
E07000196,South Staffordshire,2.35,213,36,18011,9515,13510,5924,16424,27448,2540,19.3,10.2,14.5,6.3,17.6,29.4,2.7
E07000197,Stafford,2.54,110,67,17910,10712,15946,6417,19756,39860,3014,15.8,9.4,14,5.6,17.4,35.1,2.7
E07000198,Staffordshire Moorlands,2.33,224,32,16223,7840,11441,5730,14491,22944,2189,20.1,9.7,14.1,7.1,17.9,28.4,2.7
E07000199,Tamworth,2.11,307,7,13899,8284,10718,3495,11728,13953,1714,21.8,13,16.8,5.5,18.4,21.9,2.7
E07000200,Babergh,2.37,199,40,13491,8642,12142,4783,13410,22817,2092,17.4,11.2,15.7,6.2,17.3,29.5,2.7
E07000202,Ipswich,2.2,277,16,24251,13437,16100,7015,18241,29295,3493,21.7,12,14.4,6.3,16.3,26.2,3.1
E07000203,Mid Suffolk,2.4,189,43,15185,9148,12784,5345,15667,25917,2259,17.6,10.6,14.8,6.2,18.2,30,2.6
E07000207,Elmbridge,2.95,12,96,11753,7048,12442,3515,14811,56677,2528,10.8,6.5,11.4,3.2,13.6,52.1,2.3
E07000208,Epsom and Ewell,2.77,30,91,8246,5106,8177,2628,10110,28642,1698,12.8,7.9,12.7,4.1,15.6,44.3,2.6
E07000209,Guildford,2.84,20,94,13540,8646,13528,4686,23554,52620,2783,11.3,7.2,11.3,3.9,19.7,44.1,2.3
E07000210,Mole Valley,2.75,36,89,8901,6236,9857,3209,11182,31214,1740,12.3,8.6,13.6,4.4,15.5,43.1,2.4
E07000211,Reigate and Banstead,2.68,52,84,15765,10997,17047,5244,19632,48338,3106,13.1,9.2,14.2,4.4,16.3,40.2,2.6
E07000212,Runnymede,2.6,83,75,10528,6543,9130,3400,15509,25643,1964,14.5,9,12.6,4.7,21.3,35.3,2.7
E07000213,Spelthorne,2.45,160,52,14012,9231,12028,4367,13227,27996,2501,16.8,11.1,14.4,5.2,15.9,33.6,3
E07000214,Surrey Heath,2.66,57,83,9643,7076,10557,3326,12377,28929,1876,13.1,9.6,14.3,4.5,16.8,39.2,2.5
E07000215,Tandridge,2.61,78,76,9787,6662,10727,3098,12267,26516,1769,13.8,9.4,15.1,4.4,17.3,37.4,2.5
E07000216,Waverley,2.84,19,94,11859,7531,13644,4078,15825,48292,2405,11.4,7.3,13.2,3.9,15.3,46.6,2.3
E07000217,Woking,2.75,35,89,10993,7003,10324,3209,12138,37112,2202,13.2,8.4,12.4,3.9,14.6,44.7,2.7
E07000218,North Warwickshire,2.18,288,13,11954,6217,8265,3281,9482,13387,1312,22.2,11.5,15.3,6.1,17.6,24.8,2.4
E07000219,Nuneaton and Bedworth,2.15,297,10,24568,12912,16263,6746,18440,26577,3081,22.6,11.9,15,6.2,17,24.5,2.8
E07000220,Rugby,2.53,111,66,14451,8974,12919,5873,15159,32174,2640,15.7,9.7,14,6.4,16.4,34.9,2.9
E07000221,Stratford-on-Avon,2.64,63,81,16230,9845,15155,5664,18532,44455,2758,14.4,8.7,13.5,5,16.5,39.5,2.4
E07000222,Warwick,2.82,24,93,15548,9022,13233,5157,21832,55685,2775,12.6,7.3,10.7,4.2,17.7,45.2,2.3
E07000223,Adur,2.3,238,28,10333,6065,7949,3325,9055,14784,1440,19.5,11.5,15,6.3,17.1,27.9,2.7
E07000224,Arun,2.26,256,23,27534,16142,21323,9101,23983,36839,4630,19.7,11.6,15.3,6.5,17.2,26.4,3.3
E07000225,Chichester,2.6,82,75,15536,9263,14360,5336,18587,38992,2636,14.8,8.8,13.7,5.1,17.8,37.2,2.5
E07000226,Crawley,2.29,244,26,16682,12423,15256,4895,15358,25773,3180,17.8,13.3,16.3,5.2,16.4,27.5,3.4
E07000227,Horsham,2.64,65,80,15075,11412,18801,5837,21877,44615,3047,12.5,9.5,15.6,4.8,18.1,37,2.5
E07000228,Mid Sussex,2.69,47,86,14457,11498,18511,5769,22257,47689,3135,11.7,9.3,15,4.7,18,38.7,2.5
E07000229,Worthing,2.45,161,51,14977,9868,14057,5009,16416,29318,2710,16.2,10.7,15.2,5.4,17.8,31.7,2.9
E07000234,Bromsgrove,2.56,97,71,12725,7355,11428,4338,13476,29698,2081,15.7,9.1,14.1,5.3,16.6,36.6,2.6
E07000235,Malvern Hills,2.63,69,79,9778,5781,9379,3689,10781,26021,1691,14.6,8.6,14,5.5,16.1,38.8,2.5
E07000236,Redditch,2.22,272,18,14605,8168,11026,4119,12108,18162,2063,20.8,11.6,15.7,5.9,17.2,25.9,2.9
E07000237,Worcester,2.48,138,58,14869,7892,11506,4558,15703,28872,2207,17.4,9.2,13.4,5.3,18.3,33.7,2.6
E07000238,Wychavon,2.44,165,50,19535,11321,15311,6464,18393,36591,3102,17.6,10.2,13.8,5.8,16.6,33,2.8
E07000239,Wyre Forest,2.22,274,17,18419,9053,12683,5610,14402,22057,2339,21.8,10.7,15,6.6,17,26.1,2.8
E07000240,St Albans,2.98,9,97,11783,7775,13318,4003,15218,61536,2458,10.1,6.7,11.5,3.4,13.1,53,2.1
E07000241,Welwyn Hatfield,2.62,72,78,13975,8998,12533,4352,18576,36378,2672,14.3,9.2,12.9,4.5,19.1,37.3,2.7
E07000242,East Hertfordshire,2.63,68,79,16756,11407,17400,5691,20392,46724,2782,13.8,9.4,14.4,4.7,16.8,38.6,2.3
E07000243,Stevenage,2.36,207,37,12113,9213,10908,3836,12205,21096,1865,17,12.9,15.3,5.4,17.1,29.6,2.6
E07000244,East Suffolk,2.3,236,29,40105,23295,31039,14261,34993,56968,6058,19.4,11.3,15,6.9,16.9,27.6,2.9
E07000245,West Suffolk,2.28,248,25,31016,16000,20814,9349,23853,42235,4861,20.9,10.8,14.1,6.3,16.1,28.5,3.3
E07000246,Somerset West and Taunton,2.47,145,56,21532,12641,20160,7892,22628,42630,3812,16.4,9.6,15.4,6,17.2,32.5,2.9
E08000001,Bolton,2.22,273,18,52451,24792,32352,14327,38190,63678,6497,22.6,10.7,13.9,6.2,16.4,27.4,2.8
E08000002,Bury,2.41,181,45,28706,15069,22659,8605,25587,50036,4211,18.5,9.7,14.6,5.6,16.5,32.3,2.7
E08000003,Manchester,2.51,123,63,86110,34988,45164,15322,79621,164763,11990,19.7,8,10.3,3.5,18.2,37.6,2.7
E08000004,Oldham,2.12,306,8,46208,20672,26021,11939,30829,46023,5343,24.7,11.1,13.9,6.4,16.5,24.6,2.9
E08000005,Rochdale,2.19,283,15,40649,18414,24559,10564,29467,46238,5056,23.2,10.5,14,6,16.8,26.4,2.9
E08000006,Salford,2.42,176,47,42829,20027,27231,11687,36911,72678,5560,19.7,9.2,12.6,5.4,17,33.5,2.6
E08000007,Stockport,2.58,94,72,37081,21831,32340,13923,38563,89741,5448,15.5,9.1,13.5,5.8,16.1,37.6,2.3
E08000008,Tameside,2.19,284,14,40437,20811,28050,12776,32847,45214,5000,21.8,11.2,15.2,6.9,17.7,24.4,2.7
E08000009,Trafford,2.71,41,88,25990,15309,23608,8931,28141,79961,4211,14,8.2,12.7,4.8,15.1,43,2.3
E08000010,Wigan,2.24,264,20,56571,28257,41466,18997,47383,69357,6663,21.1,10.5,15.4,7.1,17.6,25.8,2.5
E08000011,Knowsley,2.07,318,4,32600,13203,17898,6817,21411,29578,2792,26.2,10.6,14.4,5.5,17.2,23.8,2.2
E08000012,Liverpool,2.33,218,34,90049,34955,46141,17624,80909,124150,9200,22.3,8.7,11.4,4.4,20.1,30.8,2.3
E08000013,St. Helens,2.26,259,22,32245,15613,22079,9728,26153,40903,3850,21.4,10.4,14.7,6.5,17.4,27.2,2.6
E08000014,Sefton,2.34,217,34,45890,23885,32729,13808,40580,69495,6005,19.7,10.3,14.1,5.9,17.5,29.9,2.6
E08000015,Wirral,2.42,173,48,46894,25282,38576,15663,46887,82451,6359,17.9,9.6,14.7,6,17.9,31.5,2.4
E08000016,Barnsley,2.09,311,6,50329,21589,28977,13193,33652,46798,5252,25.2,10.8,14.5,6.6,16.8,23.4,2.6
E08000017,Doncaster,2.08,315,5,61805,28721,37907,16765,41594,56931,7205,24.6,11.4,15.1,6.7,16.6,22.7,2.9
E08000018,Rotherham,2.12,304,8,50529,24545,33613,14398,36879,49807,5802,23.4,11.4,15.6,6.7,17.1,23.1,2.7
E08000019,Sheffield,2.44,166,50,88425,41454,53589,24865,84712,152194,11011,19.4,9.1,11.7,5.4,18.6,33.4,2.4
E08000021,Newcastle upon Tyne,2.51,117,65,46232,19729,25891,11943,52768,86063,5824,18.6,7.9,10.4,4.8,21.2,34.6,2.3
E08000022,North Tyneside,2.46,150,55,29968,16025,24300,11773,28969,56375,4102,17.5,9.3,14.2,6.9,16.9,32.9,2.4
E08000023,South Tyneside,2.28,247,25,24849,12323,17393,9706,22265,31707,3049,20.5,10.2,14.3,8,18.4,26.1,2.5
E08000024,Sunderland,2.17,291,12,51666,24530,33553,16312,38679,55532,5799,22.9,10.9,14.8,7.2,17.1,24.6,2.6
E08000025,Birmingham,2.23,269,19,212198,90079,111212,32425,152046,265806,25857,23.9,10.1,12.5,3.6,17.1,29.9,2.9
E08000026,Coventry,2.38,198,40,53671,27542,34920,14284,52525,84691,9240,19.4,9.9,12.6,5.2,19,30.6,3.3
E08000027,Dudley,2.17,294,11,60569,28475,39480,15703,45064,65589,7608,23.1,10.8,15,6,17.2,25,2.9
E08000028,Sandwell,1.96,329,1,76839,30586,36175,12758,39465,60316,9889,28.9,11.5,13.6,4.8,14.8,22.7,3.7
E08000029,Solihull,2.48,139,58,30642,16623,24691,8069,28266,61847,4365,17.6,9.5,14.1,4.6,16.2,35.4,2.5
E08000030,Walsall,2.04,323,2,58781,25619,31738,11823,35038,52903,7198,26.3,11.5,14.2,5.3,15.7,23.7,3.2
E08000031,Wolverhampton,2.11,308,7,52803,22947,28741,10241,31391,54712,7606,25.3,11,13.8,4.9,15.1,26.2,3.6
E08000032,Bradford,2.18,289,13,101122,46051,57458,22777,66275,115663,12228,24,10.9,13.6,5.4,15.7,27.4,2.9
E08000033,Calderdale,2.38,194,41,31965,16313,23351,10524,29096,51419,3966,19.2,9.8,14,6.3,17.5,30.9,2.4
E08000034,Kirklees,2.33,223,33,71832,33776,46112,21655,60187,103532,9180,20.7,9.8,13.3,6.3,17.4,29.9,2.7
E08000035,Leeds,2.49,137,59,119597,60190,79192,34353,120782,228358,15996,18.2,9.1,12,5.2,18.3,34.7,2.4
E08000036,Wakefield,2.12,305,8,70233,31086,42945,18709,46794,69797,7975,24.4,10.8,14.9,6.5,16.3,24.3,2.8
E08000037,Gateshead,2.28,249,25,34975,16022,22280,11629,27436,45246,4158,21.6,9.9,13.8,7.2,17,28,2.6
E09000001,City of London,3.45,1,100,529,223,392,80,708,5939,135,6.6,2.8,4.9,1,8.8,74.2,1.7
E09000002,Barking and Dagenham,2.29,240,27,36796,16752,20367,6260,21819,53791,5961,22.7,10.4,12.6,3.9,13.5,33.3,3.7
E09000003,Barnet,2.78,28,92,47762,21302,30687,9630,38541,151642,9790,15.4,6.9,9.9,3.1,12.5,49,3.2
E09000004,Bexley,2.39,191,42,35582,21413,28535,10225,32511,61837,5722,18.2,10.9,14.6,5.2,16.6,31.6,2.9
E09000005,Brent,2.45,153,54,59770,24296,26148,9529,34338,109998,11064,21.7,8.8,9.5,3.5,12.5,40,4
E09000006,Bromley,2.7,44,87,36581,23030,35258,10559,39420,113508,6732,13.8,8.7,13.3,4,14.9,42.8,2.5
E09000007,Camden,3.05,6,98,20948,8996,12776,3402,25154,101932,4701,11.8,5.1,7.2,1.9,14.1,57.3,2.6
E09000008,Croydon,2.61,77,77,49877,28370,38241,11786,45535,127342,9246,16.1,9.1,12.3,3.8,14.7,41,3
E09000009,Ealing,2.64,66,80,52925,23821,27461,10012,37920,130981,12251,17.9,8.1,9.3,3.4,12.8,44.3,4.1
E09000010,Enfield,2.37,204,38,57813,24151,29005,10055,34476,93371,8311,22.5,9.4,11.3,3.9,13.4,36.3,3.2
E09000011,Greenwich,2.68,48,85,38319,18349,23747,7937,30154,104926,6316,16.7,8,10.3,3.5,13.1,45.7,2.7
E09000012,Hackney,2.81,26,92,35043,12782,17449,4938,24171,109724,5361,16.7,6.1,8.3,2.4,11.5,52.4,2.6
E09000013,Hammersmith and Fulham,3.05,7,98,18332,7892,11387,3534,20165,89043,4273,11.9,5.1,7.4,2.3,13,57.6,2.8
E09000014,Haringey,2.7,46,86,39921,14732,18392,6781,25260,104270,6644,18.5,6.8,8.5,3.1,11.7,48.3,3.1
E09000015,Harrow,2.65,62,81,36454,17150,21857,6656,26422,94317,6764,17.4,8.2,10.4,3.2,12.6,45,3.2
E09000016,Havering,2.3,233,30,41947,23453,31228,10778,34125,61921,6278,20,11.2,14.9,5.1,16.3,29.5,3
E09000017,Hillingdon,2.5,130,61,43906,23872,28514,10298,35836,90664,8788,18.2,9.9,11.8,4.3,14.8,37.5,3.6
E09000018,Hounslow,2.55,104,69,42630,21674,23390,8090,28046,95076,9775,18.6,9.5,10.2,3.5,12.3,41.6,4.3
E09000019,Islington,2.97,11,97,25257,10273,13146,4212,22337,103975,4426,13.8,5.6,7.2,2.3,12.2,56.6,2.4
E09000020,Kensington and Chelsea,3.1,5,98,13971,5446,8803,2378,15439,73226,3826,11.4,4.4,7.2,1.9,12.5,59.5,3.1
E09000021,Kingston upon Thames,2.93,14,96,16128,8744,13319,4324,19766,69582,3603,11.9,6.5,9.8,3.2,14.6,51.4,2.7
E09000022,Lambeth,2.97,10,97,35185,16252,21025,6973,31935,151312,6263,13.1,6,7.8,2.6,11.9,56.3,2.3
E09000023,Lewisham,2.81,25,92,35447,17738,23426,7261,31537,120814,6187,14.6,7.3,9.7,3,13,49.8,2.6
E09000024,Merton,2.83,21,94,24609,12368,16510,5752,21786,86412,5334,14.2,7.2,9.6,3.3,12.6,50,3.1
E09000025,Newham,2.48,141,57,57151,24931,28082,8619,35783,111130,10478,20.7,9,10.2,3.1,13,40.2,3.8
E09000026,Redbridge,2.61,80,76,41948,20878,27163,7557,33074,102696,8701,17.3,8.6,11.2,3.1,13.7,42.4,3.6
E09000027,Richmond upon Thames,3.14,3,99,14163,7779,14029,3743,18830,94089,3201,9.1,5,9,2.4,12.1,60.4,2.1
E09000028,Southwark,2.93,13,96,35516,15851,20135,6509,31574,140514,6037,13.9,6.2,7.9,2.5,12.3,54.9,2.4
E09000029,Sutton,2.62,74,78,25122,15348,21432,7281,25866,65889,4719,15.2,9.3,12.9,4.4,15.6,39.8,2.8
E09000030,Tower Hamlets,2.79,27,92,40999,17155,21433,5441,33343,127299,7213,16.2,6.8,8.5,2.2,13.2,50.3,2.9
E09000031,Waltham Forest,2.6,85,74,40535,18874,23106,7699,28770,95910,7288,18.2,8.5,10.4,3.5,12.9,43.2,3.3
E09000032,Wandsworth,3.17,2,99,27202,12759,18895,5578,31214,171346,6564,9.9,4.7,6.9,2,11.4,62.6,2.4
E09000033,Westminster,3.03,8,98,22882,8615,12181,3746,22019,102356,5668,12.9,4.9,6.9,2.1,12.4,57.7,3.2
W06000001,Isle of Anglesey,2.45,154,53,10270,4828,8455,3752,9930,18445,1467,18,8.4,14.8,6.6,17.4,32.3,2.6
W06000002,Gwynedd,2.55,101,69,15937,7421,14302,5715,18370,33807,2416,16.3,7.6,14.6,5.8,18.8,34.5,2.5
W06000003,Conwy,2.43,171,48,17998,8317,13890,6111,15948,31232,2868,18.7,8.6,14.4,6.3,16.5,32.4,3
W06000004,Denbighshire,2.36,208,37,15668,7175,11990,4966,12903,24010,2196,19.9,9.1,15.2,6.3,16.4,30.4,2.8
W06000005,Flintshire,2.37,201,39,23373,12648,19486,8431,22746,37209,3685,18.3,9.9,15.3,6.6,17.8,29.2,2.9
W06000006,Wrexham,2.3,235,29,23095,10473,16995,6816,17690,32037,3169,20.9,9.5,15.4,6.2,16,29.1,2.9
W06000008,Ceredigion,2.62,73,78,9036,4513,8411,3297,13036,21653,1445,14.7,7.4,13.7,5.4,21.2,35.3,2.4
W06000009,Pembrokeshire,2.4,187,44,19283,9333,15533,6373,17462,31991,2576,18.8,9.1,15.1,6.2,17,31.2,2.5
W06000010,Carmarthenshire,2.37,202,39,31165,13267,23691,9652,25018,48644,4049,20,8.5,15.2,6.2,16.1,31.3,2.6
W06000011,Swansea,2.45,155,53,37304,15552,27362,11525,36055,64835,5228,18.9,7.9,13.8,5.8,18.2,32.8,2.6
W06000012,Neath Port Talbot,2.2,281,15,27722,10667,17359,7557,20433,30280,3164,23.7,9.1,14.8,6.4,17.4,25.8,2.7
W06000013,Bridgend,2.3,232,30,25993,10624,17717,6572,19477,35852,3247,21.8,8.9,14.8,5.5,16.3,30,2.7
W06000014,Vale of Glamorgan,2.59,91,73,16740,8902,15459,5671,17835,40062,2788,15.6,8.3,14.4,5.3,16.6,37.3,2.6
W06000015,Cardiff,2.65,61,82,48399,20457,32900,11522,56856,118529,7650,16.3,6.9,11.1,3.9,19.2,40,2.6
W06000016,Rhondda Cynon Taf,2.18,287,13,46915,18283,29121,9966,32637,51749,5170,24.2,9.4,15,5.1,16.8,26.7,2.7
W06000018,Caerphilly,2.15,299,10,34625,14433,22242,7889,24146,36306,3841,24.1,10.1,15.5,5.5,16.8,25.3,2.7
W06000019,Blaenau Gwent,1.98,326,2,15376,5980,8554,3151,8647,11892,1544,27.9,10.8,15.5,5.7,15.7,21.6,2.8
W06000020,Torfaen,2.22,271,18,16631,7697,11458,4311,12736,20128,2152,22.1,10.2,15.3,5.7,17,26.8,2.9
W06000021,Monmouthshire,2.61,76,77,12315,6463,10589,3958,12172,30809,1933,15.7,8.3,13.5,5.1,15.6,39.4,2.5
W06000022,Newport,2.31,229,31,27690,11741,18188,6498,19978,39544,3784,21.7,9.2,14.3,5.1,15.7,31,3
W06000023,Powys,2.41,180,46,21316,9694,16747,6868,19125,35849,2937,18.9,8.6,14.9,6.1,17,31.9,2.6
W06000024,Merthyr Tydfil,2.08,316,5,12831,4556,6911,2713,7453,11911,1299,26.9,9.6,14.5,5.7,15.6,25,2.7
