ITL1 Region,LA code,LA name,1998,1999,2000,2001,2002,2003,2004,2005,2006,2007,2008,2009,2010,2011,2012,2013,2014,2015,2016,2017,2018,2019,2020,2021
North East,E06000001,Hartlepool,10122,10715,10923,11002,11631,12266,12752,13225,13769,14430,14681,14307,14664,15168,15284,15773,15623,16410,17653,17886,17645,18060,17697,18386
North East,E06000004,Stockton-on-Tees,15918,16528,16878,17028,17824,19058,20456,21031,22438,23574,23778,24271,24338,24406,24635,25416,26129,27592,27881,27520,27997,29482,28116,30830
North East,E06000002,Middlesbrough,11798,12403,12826,13049,13679,14621,15788,16832,17860,18422,18959,19200,19057,19498,19841,19756,20418,21277,22048,22795,24226,24217,21990,24405
North East,E06000003,Redcar and Cleveland,10382,10643,10963,10840,11208,12309,12535,12890,13095,13373,14234,13960,14707,14937,15161,15281,15767,16290,15860,14899,15526,16220,15806,16626
North East,E06000005,Darlington,16872,17534,18892,20021,21192,22464,23854,23548,23705,23180,24148,22636,23309,24009,24085,24282,26905,28479,27195,27086,27007,26760,24491,25783
North East,E06000047,County Durham,10784,11373,11734,12096,12738,13576,14555,15115,16005,16570,17027,17011,17203,17105,17486,17657,17716,17940,18075,18534,19474,20200,19084,21133
North East,E06000057,Northumberland,11340,11434,11674,12116,12991,13450,14339,14884,15554,15890,16280,15783,16372,16679,16881,17040,17554,17961,18604,18981,19281,20194,18831,20391
North East,E08000021,Newcastle upon Tyne,17247,17453,18244,19742,21192,22407,24562,25843,27195,27438,27504,27037,27947,28948,30071,29917,30450,32081,32795,34118,33863,34674,31667,35070
North East,E08000022,North Tyneside,12135,12465,12711,13728,15093,15736,16978,17644,18073,18500,19040,18230,18778,19434,19848,19863,20669,21611,22396,24038,24960,25098,23907,25948
North East,E08000023,South Tyneside,8576,8707,8992,9376,9818,10378,11205,11761,12278,12554,12908,12141,12766,13287,14219,14484,15263,15368,15061,15217,15344,15905,14406,16422
North East,E08000037,Gateshead,15021,15312,15840,16606,17671,18488,19912,21008,21981,22301,22111,21023,21871,22937,23258,22269,22520,22713,23277,23412,23783,26114,23297,26335
North East,E08000024,Sunderland,13562,13518,14154,15001,16171,16996,18606,19540,20568,20843,21472,21647,21809,22301,22882,24964,25833,26488,26781,27903,27929,29324,26542,27871
North West,E07000026,Allerdale,13122,13436,14108,14267,15206,15436,15503,16221,17351,17744,18503,18313,19188,19272,19492,21114,22201,22113,21252,20976,21222,21947,19640,22218
North West,E07000027,Barrow-in-Furness,12616,12041,12521,11456,12652,13760,14944,14510,15809,17191,18759,18691,19361,20526,21908,22439,23190,24898,25927,28176,28371,29868,28720,28083
North West,E07000029,Copeland,17687,19894,15557,16021,16277,17388,17081,20106,20988,20131,22676,21277,22219,20971,22149,22623,24620,25135,24940,24257,24148,23577,21459,24082
North West,E07000028,Carlisle,16003,16629,17616,17938,18594,19976,20379,20908,22295,23318,24758,24527,25000,24942,25125,26829,27964,28964,29400,30023,29434,30833,27601,29305
North West,E07000030,Eden,18346,18829,19543,19293,20647,22068,22584,23450,24926,25338,26299,25307,25913,26094,27072,27324,28965,30160,29936,30439,31278,33140,28384,31140
North West,E07000031,South Lakeland,14814,15343,15869,16419,17512,18783,19356,19922,21421,21948,22861,21834,22663,22336,23540,23678,24642,25880,26645,28040,27873,30261,27620,29818
North West,E08000003,Manchester,23045,24295,24630,26305,27527,28496,30180,31785,33427,34885,35035,35418,35928,35739,37082,37798,38807,39914,41748,44913,46355,49192,46385,51330
North West,E08000006,Salford,16560,17520,17836,18861,19692,20627,22235,23832,25005,26085,26125,25709,25808,26046,27547,29991,31654,31719,30884,31340,33369,34556,33725,35529
North West,E08000009,Trafford,21991,23204,24330,26017,27325,28291,29086,30222,31368,32533,32857,31735,32027,32073,32863,34245,34578,36884,38398,40494,42523,43034,40479,44192
North West,E08000007,Stockport,14041,14873,15484,16113,16900,17761,18513,19376,20244,21252,21931,22006,22183,22069,22709,23006,22991,23117,24138,25537,26536,26704,25777,27425
North West,E08000008,Tameside,10545,11216,11614,11941,12399,12849,13224,14042,14395,14972,15030,14719,14973,15193,15482,16087,16615,16848,16849,17753,18072,18151,17174,17890
North West,E08000001,Bolton,12808,13375,13486,14205,14613,15175,15931,16784,17410,18011,17911,17868,18185,18384,19047,20018,20296,21020,21735,22527,23729,23545,22999,24657
North West,E08000010,Wigan,10625,11162,11574,12115,12524,13017,13480,14088,14579,15064,14758,14281,14562,14768,15120,16075,16482,17501,17999,18546,18783,18677,17975,19649
North West,E08000002,Bury,11476,12029,12442,13057,13839,14412,15040,15753,16429,17149,17157,16766,17140,17443,17921,18501,18326,19375,19797,19969,20505,21701,20366,21472
North West,E08000004,Oldham,10767,11289,11599,11945,12479,12820,13518,14243,14788,15327,15526,15108,15391,15737,15919,16577,17317,17997,18384,19728,19797,20507,18610,19578
North West,E08000005,Rochdale,11396,12052,12277,12749,13124,13541,14217,14789,15066,15745,15731,15366,15815,16143,17025,17704,17952,18392,18548,18841,19517,20345,18568,20247
North West,E06000008,Blackburn with Darwen,12652,13273,13427,13688,14285,15310,15970,16300,16662,17317,17746,17049,17861,18370,19104,19841,20849,22054,23046,23253,23638,24202,23163,24864
North West,E06000009,Blackpool,10550,10995,11256,11802,12482,13481,14453,14986,15410,15773,15908,15285,16200,16575,16722,17024,17676,18632,19715,20788,21799,23402,21781,22108
North West,E07000121,Lancaster,13072,13363,13087,13360,14407,15960,16984,18248,19446,20261,20519,18393,18280,18684,19640,20816,21310,22450,22249,22196,22148,22975,21685,24212
North West,E07000128,Wyre,9846,10254,10450,10606,11132,12065,12562,12761,12956,13196,13703,13117,13676,14183,14297,14773,15327,17411,17735,17686,18298,18907,16411,17937
North West,E07000119,Fylde,25227,27278,28859,30519,30584,33081,35955,37621,37685,39043,39025,35905,35759,35459,35314,35495,32325,34888,37173,39775,35558,36074,33432,35703
North West,E07000123,Preston,18680,19594,20159,21061,22349,23799,24859,25246,25805,26936,26576,26674,27664,27794,29044,28762,30151,31561,33770,33539,34011,34903,31856,33791
North West,E07000124,Ribble Valley,21144,22066,22707,23587,24036,25761,27350,28111,28235,28823,28789,26214,26686,28393,28960,31440,32581,34098,32456,34036,32563,29920,31411,35718
North West,E07000126,South Ribble,20365,20702,21376,21594,22646,24362,25357,25740,25522,27394,28003,26057,26795,27477,28336,30015,32502,34105,35445,36169,35723,36493,35924,39076
North West,E07000117,Burnley,12438,13215,13599,13947,14445,15596,16393,17038,17632,18549,18787,18084,19345,19959,20844,20970,22207,22306,23365,24751,26095,25775,24608,25353
North West,E07000120,Hyndburn,11650,12302,12088,12356,12910,13475,14205,14628,14961,15886,16474,15724,16513,17297,18103,18657,18979,19694,21386,21429,19717,20666,18931,20991
North West,E07000122,Pendle,13699,14627,14887,15144,15547,16786,17750,18561,18754,19189,18747,16721,17450,18330,18365,18033,18777,19412,20538,21586,22556,22347,20123,20887
North West,E07000125,Rossendale,11117,11459,11682,11756,12414,13293,13848,14040,14261,14777,14914,14380,15003,15568,15355,15822,16723,17682,17555,17496,17380,17917,16001,17658
North West,E07000118,Chorley,11812,12302,12704,13199,14015,14849,15422,15634,15923,16600,16985,16412,17247,17390,17583,17660,18136,18788,19540,19557,20221,21948,20199,21786
North West,E07000127,West Lancashire,13207,13780,13926,14218,15013,15947,16803,16964,17276,18078,18675,18528,19332,19886,20104,20364,21579,21980,23963,24956,25680,26865,25247,26328
North West,E06000007,Warrington,21227,21607,22609,24629,25667,26553,27533,29041,30131,31448,30867,29177,29882,30316,30994,32470,34175,35888,37588,40191,40459,42893,40931,44205
North West,E06000049,Cheshire East,18693,19656,20403,23445,24137,23291,25713,27147,28888,29287,28864,27986,29350,30601,31998,32741,34638,36019,39030,38876,39631,40737,38802,40142
North West,E06000050,Cheshire West and Chester,17266,18602,18378,19870,20301,21670,22148,22967,24544,26107,26385,27075,28411,28587,28829,29992,31537,31015,32659,34540,35065,36882,33485,36518
North West,E06000006,Halton,19950,21008,22004,22541,23438,25298,25514,26708,28776,27722,29411,29606,30660,30706,29259,30558,32228,33385,33412,34468,35804,37090,33305,34985
North West,E08000011,Knowsley,12466,12756,12900,13682,14255,15292,15872,15906,16804,17528,18282,17939,19489,20245,20688,22557,23741,24671,26169,27651,27089,28304,26493,29407
North West,E08000013,St. Helens,10529,11392,11888,12451,13203,13887,14532,14986,15984,16523,16584,16270,17218,17155,16412,16875,17477,17709,17974,17973,18399,18826,17134,18803
North West,E08000012,Liverpool,14466,15415,16390,17533,18476,20236,21383,22355,24316,24269,25360,26196,26511,26652,26023,26503,27655,27914,28110,28920,29325,31298,29405,32841
North West,E08000014,Sefton,8835,9470,9791,10375,11139,11886,12520,12949,13752,13987,14482,14564,15143,15060,14837,15287,15842,16307,16989,17593,18177,18540,17922,19418
North West,E08000015,Wirral,9427,10142,10465,11075,11695,12534,13355,13578,14320,14525,14935,14869,15372,15607,15714,16168,16675,17583,17491,18234,18498,19521,19194,20688
Yorkshire and The Humber,E06000010,"Kingston upon Hull, City of",12965,13556,14546,15333,16383,17517,17875,18540,20223,21117,23032,22937,22218,21588,21960,22184,22466,23428,24160,24964,25789,26313,24483,25815
Yorkshire and The Humber,E06000011,East Riding of Yorkshire,13679,13600,14093,14622,15598,16459,17435,18010,18890,19046,19129,18251,18007,18105,18448,19090,19970,20903,21312,22331,23493,24357,23088,25072
Yorkshire and The Humber,E06000012,North East Lincolnshire,12646,13031,13560,14112,14622,15372,15968,16633,17459,18563,18886,18528,18364,19023,19042,19860,21092,22109,22269,22869,22923,23980,23377,25537
Yorkshire and The Humber,E06000013,North Lincolnshire,16652,16426,17042,17673,18008,20016,21243,22127,21533,24112,25502,23026,24687,22834,22675,23435,23803,26218,26816,28886,28446,33058,30231,35652
Yorkshire and The Humber,E06000014,York,19082,19892,20608,21517,23145,24395,26113,26736,26871,28194,28096,26793,27465,28191,28690,28764,29427,29752,30898,32524,33103,33235,30424,34026
Yorkshire and The Humber,E07000163,Craven,13841,14094,14686,15341,16787,17627,18269,18899,19866,21201,21598,21044,21753,22614,22435,23091,24387,25530,26512,28607,29570,30360,28492,31588
Yorkshire and The Humber,E07000164,Hambleton,17287,17734,18287,19238,20704,21661,22767,23794,24036,24735,25279,23930,24458,25551,25399,26496,27227,27739,28372,29482,29493,30172,28033,31399
Yorkshire and The Humber,E07000165,Harrogate,15566,16059,16759,17482,19276,20320,21004,21384,22047,23589,23735,22586,23138,24246,24415,25483,26062,26886,28544,30642,30752,31660,30073,32697
Yorkshire and The Humber,E07000166,Richmondshire,14867,15363,15751,16458,17539,18200,19211,19493,19801,20585,21090,20776,20955,21855,22688,23789,23089,22999,24375,25177,25684,26403,25077,28702
Yorkshire and The Humber,E07000167,Ryedale,13048,13618,14250,14675,15936,17199,17403,17953,18442,18997,19323,18000,18839,20516,21528,22742,24258,24508,25993,26931,26862,28364,27224,28652
Yorkshire and The Humber,E07000168,Scarborough,11408,11572,12222,12775,13598,14341,15286,15870,16313,16929,17374,16974,17111,18065,17739,18448,19068,19340,20153,21275,21588,21995,20814,22431
Yorkshire and The Humber,E07000169,Selby,19779,19399,19781,19975,21348,22183,22145,22904,26124,27032,26753,27029,25399,25168,26270,26730,26548,26820,26687,28318,28075,29508,26932,29777
Yorkshire and The Humber,E08000016,Barnsley,10769,10898,11331,11838,12320,13060,13847,14235,14741,15665,15296,14634,15147,15549,15750,16355,17003,17489,17673,18298,18924,19533,18587,20641
Yorkshire and The Humber,E08000017,Doncaster,11049,11312,11699,12234,12821,13592,14543,14886,15718,16636,16573,15638,16240,16396,16678,17076,18149,19416,19878,21436,21567,22087,20996,23009
Yorkshire and The Humber,E08000018,Rotherham,11589,11774,12259,12755,13456,14216,14754,15303,15800,16857,16792,16051,16856,17334,18240,18422,18999,19779,20161,20935,21139,21700,20494,22372
Yorkshire and The Humber,E08000019,Sheffield,13871,14107,14763,15957,16967,18116,19014,19655,20649,21786,21295,21079,21442,21976,22357,22910,23365,23904,23977,24269,24382,25351,24446,27805
Yorkshire and The Humber,E08000032,Bradford,12683,13399,13558,13862,14281,14999,15638,16207,16626,17256,17587,17074,17132,17758,18195,18590,18762,19399,19780,20721,20944,21095,20498,21778
Yorkshire and The Humber,E08000035,Leeds,18913,20181,20835,21540,22590,24444,25855,27211,28848,30323,29918,29624,30134,30745,31277,31998,32703,33757,33928,34788,36629,37554,35338,37764
Yorkshire and The Humber,E08000033,Calderdale,13093,13736,13874,14377,14671,15672,16508,17865,18719,19399,18476,17798,18326,18928,19376,20123,22856,24980,25131,26922,28492,28426,24078,27408
Yorkshire and The Humber,E08000034,Kirklees,11999,12564,12759,13000,13244,13898,14346,14918,15298,15915,15972,15417,15700,16025,16317,16682,17178,17991,18378,19407,20155,20287,20269,22389
Yorkshire and The Humber,E08000036,Wakefield,14690,15428,15895,16474,17014,17860,18506,19273,19842,20421,20710,20187,20062,20534,20976,21615,21688,22931,23747,24379,25473,26299,25066,27618
East Midlands,E06000015,Derby,18219,19298,20133,21098,22124,22893,24477,26383,26976,27474,26960,26305,26781,28258,28212,29388,28842,28885,29277,29511,31320,32378,30999,32025
East Midlands,E07000033,Bolsover,16737,16968,17069,17534,17572,17606,18212,19175,19526,20108,21077,20529,21227,21447,22318,22461,22454,24840,26138,27290,28960,29126,27653,30631
East Midlands,E07000034,Chesterfield,13397,13841,14291,15124,15862,16309,17190,18267,18718,19450,19720,19049,20143,20370,21362,21607,22329,23734,24423,25162,26084,26475,27434,30869
East Midlands,E07000038,North East Derbyshire,9394,9868,10072,10324,10708,11204,11553,12282,12485,12751,13159,12408,12977,13654,13950,14306,15452,16640,16592,16482,17298,18016,17529,19097
East Midlands,E07000032,Amber Valley,15035,15157,14953,15253,15779,16210,16889,17886,18354,18983,19424,18239,19178,19616,20637,21178,22112,22696,23153,23286,24013,25044,24359,26937
East Midlands,E07000035,Derbyshire Dales,14450,14956,15165,15929,16442,17124,18018,19098,19476,19987,20439,19408,20491,21176,22422,22359,22276,22556,23797,24120,25695,25596,23933,26497
East Midlands,E07000036,Erewash,9628,9970,10035,10460,10865,11255,11806,12507,13066,13375,13597,12834,13615,14479,14889,15418,15569,16025,16878,17389,17848,19017,17952,19682
East Midlands,E07000037,High Peak,12036,12290,12330,12687,13210,13831,14406,15023,15141,15262,15613,14504,14982,15907,16640,16378,17023,17849,18580,19133,19671,19505,18488,20926
East Midlands,E07000039,South Derbyshire,18200,18473,18235,18044,18585,19412,20064,21452,20656,20599,21457,19486,22279,23006,24071,27189,27979,27200,29039,28623,29929,33352,32137,33496
East Midlands,E06000018,Nottingham,17670,18700,19173,20457,21437,22553,24304,25154,26747,27525,28082,27382,28109,28918,29524,29850,31441,31663,32161,33118,33668,34083,32760,36980
East Midlands,E07000170,Ashfield,17710,17547,17675,17884,18435,18533,19385,20200,20899,21647,21972,21096,21867,21931,22343,23135,23589,23862,24140,24174,24799,25569,23867,27214
East Midlands,E07000171,Bassetlaw,13083,13700,13959,14161,14843,15380,16078,16604,17129,17556,17748,17297,18064,18602,19410,19965,20135,20821,21392,21505,22224,23232,22676,24678
East Midlands,E07000174,Mansfield,9707,10098,10277,10740,11189,11724,12457,13103,13543,13955,14015,13331,13780,14337,14816,14882,15486,16119,16477,16815,17822,18700,18022,19213
East Midlands,E07000175,Newark and Sherwood,13707,14411,14825,14923,15556,16229,16524,17236,17886,18300,18598,18088,18628,19714,20295,20693,20596,21779,22463,23339,23691,24441,22971,25292
East Midlands,E07000172,Broxtowe,13345,13816,13770,13863,14552,15081,15728,16822,17480,18010,18077,18011,18774,19420,20208,20879,20637,21378,22244,22383,22495,21056,20578,23357
East Midlands,E07000173,Gedling,9135,9428,9561,9977,10349,10649,11043,11579,12090,12518,12813,12246,12644,13005,13785,13816,13982,14706,15193,15489,15672,16239,15841,17648
East Midlands,E07000176,Rushcliffe,13671,14413,14786,15483,15543,15881,16928,17752,18387,19503,20385,19472,20044,20059,20648,21771,22258,22825,22923,23808,26944,29381,27842,30507
East Midlands,E06000016,Leicester,14589,15264,16157,16640,16981,17962,18889,19275,20318,21101,21414,20917,21678,21905,22386,23239,24697,25244,25887,25929,26791,27912,26767,27848
East Midlands,E06000017,Rutland,16309,16421,17305,17607,17756,18482,19189,19678,20559,20765,21621,20702,21898,21638,22085,21821,22469,23450,24251,23581,24030,23434,22958,24701
East Midlands,E07000129,Blaby,18805,18583,19679,19789,20624,22208,25066,26296,28260,30220,31697,33097,33098,31560,33865,37182,38713,39769,38705,39693,39791,39616,34285,39436
East Midlands,E07000130,Charnwood,13949,14304,15168,16376,17100,18067,18834,19508,20186,20344,21224,20061,20567,20237,20194,19554,20080,20651,21690,22158,22486,22207,21464,23838
East Midlands,E07000131,Harborough,15956,16549,16927,16760,17245,18413,18747,19496,20633,21566,21844,20491,21651,21392,21718,21944,23720,24501,24675,25543,25808,26523,25000,24538
East Midlands,E07000132,Hinckley and Bosworth,13533,13616,14538,14918,15275,16079,16514,16937,18379,19287,20253,18552,20038,20176,20636,21704,22683,22745,22905,23919,24087,24418,23454,26173
East Midlands,E07000133,Melton,15347,15265,15653,15835,16553,16959,17299,17414,18756,19632,20445,20488,21269,20911,21118,21703,21658,24155,25079,25382,26710,27780,25521,26616
East Midlands,E07000134,North West Leicestershire,22220,22478,23366,23536,24365,26190,26669,27626,29247,30703,30935,29211,31240,30813,31701,34250,35179,35372,37252,37372,39816,40084,35948,38807
East Midlands,E07000135,Oadby and Wigston,10173,10321,10640,10946,11210,11849,12304,12633,13308,13776,14433,14124,14960,14761,15075,15586,15764,15959,16637,16271,16878,17307,16247,17447
East Midlands,E06000062,West Northamptonshire,17709,17978,19158,19607,20090,20921,21881,22698,24278,25486,25833,24822,25982,26335,26390,28065,28982,29765,30661,32145,33905,34680,32842,34385
East Midlands,E06000061,North Northamptonshire,14807,15091,15578,15707,15738,16570,17152,17520,18141,18767,19210,18210,19222,18985,19741,20389,21132,21648,22038,22350,23192,23579,22388,23536
East Midlands,E07000136,Boston,13549,13734,14513,15593,16191,16961,16331,17060,17431,18008,18419,17482,17787,18686,19117,20166,21315,21407,21799,22773,23528,23884,21723,23397
East Midlands,E07000137,East Lindsey,10941,11047,11444,12059,12731,13145,12980,13449,14337,14510,15250,14646,15253,16147,16506,17260,17542,17849,18023,18910,19097,20170,17880,19972
East Midlands,E07000138,Lincoln,16188,16485,16767,17819,18959,20426,20296,21168,22871,24162,25645,25046,25243,25343,25154,26381,27047,28465,28486,29144,30469,31355,28968,30670
East Midlands,E07000139,North Kesteven,15450,15462,15739,16516,17122,17646,17196,17731,18839,19354,19872,18903,19296,19546,20418,21404,22128,22203,21916,23654,25149,26412,24939,26995
East Midlands,E07000140,South Holland,15410,15589,16165,17183,17325,17765,16772,17261,17896,18581,18769,18111,18438,18891,19901,21080,21574,21706,22542,24318,25441,25681,24649,27303
East Midlands,E07000141,South Kesteven,13095,13306,13797,14853,15550,16560,16496,17128,17895,18831,19567,18604,19345,19354,20245,20813,21194,21030,20975,22396,22917,23645,21821,23167
East Midlands,E07000142,West Lindsey,10746,10819,11961,12195,12675,13111,12836,13104,13665,13883,14692,13766,14201,14626,15113,16332,16992,17070,16871,17566,18623,20182,18951,21302
West Midlands,E06000019,"Herefordshire, County of",14019,14698,15292,15374,16119,16586,16477,16935,17415,17710,18467,17649,18003,18928,19413,20230,21140,21644,21956,22757,23668,24569,22786,25214
West Midlands,E07000234,Bromsgrove,17087,17741,18721,18685,18418,19565,21256,22425,24488,21978,23454,24741,25435,26778,28723,29560,29680,28167,29301,32601,32794,32895,31319,32209
West Midlands,E07000235,Malvern Hills,12805,13752,14243,14894,16134,16582,17160,17259,17905,18452,19102,18484,19637,20649,20623,20664,21531,21613,22105,22805,24031,25770,23353,23850
West Midlands,E07000236,Redditch,14434,14910,15388,15485,15627,16377,17367,17649,18441,18643,19174,18345,19192,20104,21134,23056,25566,27037,27728,29612,29476,28885,25908,26542
West Midlands,E07000237,Worcester,17397,18194,18939,19122,19679,21166,22437,22834,24162,24635,25117,24469,25294,26194,28658,30422,31295,32318,30120,31627,32830,33951,33383,34154
West Midlands,E07000238,Wychavon,14448,15108,15718,16004,16026,16984,17705,18009,18978,19398,20232,19131,19704,21028,21903,22161,23491,24275,24746,25694,26586,27582,26412,27287
West Midlands,E07000239,Wyre Forest,10190,10657,10992,11168,11453,12128,12621,13002,13630,13950,14276,13630,14011,14654,15132,15438,16022,15923,16516,17018,17593,18181,16965,18132
West Midlands,E07000218,North Warwickshire,24256,26148,27002,26962,27549,28940,29941,31124,32835,32980,33269,32026,34152,35536,38397,40569,41670,44061,43036,47294,51552,51169,46399,51449
West Midlands,E07000219,Nuneaton and Bedworth,9485,10021,10391,10561,10704,11146,11738,12133,12700,12923,13292,12572,13010,13749,14547,15849,17032,17434,17243,18598,19414,20122,18708,19525
West Midlands,E07000220,Rugby,18161,19640,20379,20641,21054,22120,23682,24011,24877,25236,25730,23765,24652,25434,26352,26816,27707,28949,30447,31909,31471,30361,28159,29663
West Midlands,E07000221,Stratford-on-Avon,19021,20789,22185,22265,22792,23037,23415,25861,27056,27404,28376,26337,28221,29673,31511,34611,35725,37391,39060,43738,44117,43195,37550,39285
West Midlands,E07000222,Warwick,21690,23005,23393,23345,24204,26409,27055,27690,29002,29265,30083,29564,30691,32223,33508,37017,40249,44012,45184,49970,48966,49796,45956,49498
West Midlands,E06000020,Telford and Wrekin,16831,17395,17330,17924,18388,19155,20087,20603,21139,21531,22143,21235,21917,22649,23215,24249,24716,24880,26899,27458,27992,28971,28319,29672
West Midlands,E06000051,Shropshire,13631,13824,14179,14650,15450,16217,16853,17524,17947,18247,19055,18115,18557,19040,19332,20210,20884,21127,21692,22029,22760,22674,21417,23689
West Midlands,E06000021,Stoke-on-Trent,12951,13143,13515,13977,14703,15528,16561,17326,17957,18552,19523,19155,19497,20183,20635,21528,21808,22265,22254,23484,24971,25722,24884,27230
West Midlands,E07000192,Cannock Chase,13568,13743,14157,14822,15577,16176,16742,17668,18050,18429,18694,17282,17853,18384,18709,19500,20239,21348,21846,23985,25119,24631,22233,24106
West Midlands,E07000193,East Staffordshire,23382,23768,24266,24323,25782,26781,28838,30064,30412,30207,31048,28085,30186,31575,31589,32226,32216,33633,33553,32069,32766,33713,30022,32257
West Midlands,E07000194,Lichfield,14226,14724,15108,15747,16773,17687,18473,18975,19467,19750,20463,19245,20045,20322,21344,22119,23314,25280,26219,27081,25648,26659,25315,27261
West Midlands,E07000195,Newcastle-under-Lyme,11587,11853,12004,12453,13054,13735,14581,15294,15593,16044,16840,16145,16784,17474,17402,17839,18221,18723,19084,19237,19759,20335,18861,21505
West Midlands,E07000196,South Staffordshire,11315,11553,11820,12061,12787,13258,13726,14040,14510,14745,15185,14344,15171,15703,15517,15809,16107,16917,17638,18819,19408,20641,20077,21998
West Midlands,E07000197,Stafford,15558,15716,16366,16964,17713,18591,19020,19483,20164,20750,21648,21118,22061,22526,22744,23591,24492,24923,26150,26921,26900,27147,25242,27320
West Midlands,E07000198,Staffordshire Moorlands,10917,11158,11060,11209,11774,12552,13202,13631,14115,14521,14993,13804,14728,15436,15499,16998,17344,16751,16746,17755,18658,18596,17590,19241
West Midlands,E07000199,Tamworth,12191,12560,12823,13389,14032,14800,15720,16375,16753,17169,17401,16220,16903,17344,16547,16967,17894,19496,20646,22828,24639,24835,23261,25752
West Midlands,E08000025,Birmingham,15228,15767,16276,17114,17678,18610,19636,20439,20849,21735,21792,21329,21834,22031,22327,23311,24034,24598,25503,25819,26791,27309,26136,27980
West Midlands,E08000029,Solihull,22915,23369,24760,25838,26163,27078,27715,28800,29318,30365,30057,28142,30561,31444,32383,33533,35054,38548,43018,46574,47793,48835,44564,48359
West Midlands,E08000026,Coventry,17325,17794,18361,19169,19571,20545,21621,22812,23019,24149,24656,24259,25176,25673,26286,26694,27989,28927,30766,29552,29622,29837,27984,32314
West Midlands,E08000027,Dudley,12209,12639,12878,13433,13868,14204,14710,15169,15577,16206,16227,15246,15803,16273,16654,17031,17294,17476,18019,18565,18901,19398,18195,19675
West Midlands,E08000028,Sandwell,14352,14620,14824,15187,15729,16364,16781,17265,17861,18002,18070,17408,17625,17495,17940,18368,19742,20470,21276,21984,22912,22438,21552,21523
West Midlands,E08000030,Walsall,11879,12198,12441,12840,13182,13747,14309,14819,15051,15533,15651,14681,15319,16148,16445,17388,18358,18612,19330,19441,19484,19372,17723,19638
West Midlands,E08000031,Wolverhampton,13614,14234,14685,15393,15866,16404,17071,17813,18262,18857,19016,17939,18398,19052,18851,19115,19234,18918,20018,21165,22209,22677,21110,23606
East,E06000031,Peterborough,22535,23489,23694,24711,25123,25871,27252,29541,32141,32257,31201,28346,28939,29537,29938,29671,31526,30603,32398,35214,37440,35589,34206,35204
East,E07000008,Cambridge,23006,24269,25523,27256,28470,29693,31049,31979,34843,36990,38205,38673,38611,38954,41171,43181,44486,45705,47580,49783,50383,54560,55978,51861
East,E07000009,East Cambridgeshire,14747,15131,15563,16257,17525,17336,17391,18116,18727,18913,19777,19268,19410,20066,20225,20787,21580,22118,23199,24296,24532,26493,25638,26885
East,E07000010,Fenland,13032,13281,14032,14592,15353,15748,15739,16262,16631,16828,17251,17077,17730,18389,18695,19843,20058,19956,20211,20947,20670,21283,20028,21749
East,E07000011,Huntingdonshire,15471,16266,16888,17630,18287,19096,19368,20232,21485,22190,22687,22268,23288,23553,23810,24308,25233,25800,27302,28318,28705,30589,28595,30151
East,E07000012,South Cambridgeshire,19989,20997,21885,22588,23717,24386,25343,26024,27509,28421,28908,27818,29007,29202,31441,31207,32130,33563,34415,36383,36991,38108,36702,39821
East,E07000200,Babergh,13836,14346,14945,15510,16028,16431,16703,17039,17852,18340,18660,18047,19164,19520,19905,20208,20929,21044,21404,22023,21746,23032,21512,23224
East,E07000202,Ipswich,19330,20242,20853,21628,22132,23318,24730,26627,29014,29121,28465,27175,26487,26420,27124,28738,29943,30727,32480,32973,33869,35333,33811,35625
East,E07000203,Mid Suffolk,14106,14485,15364,15697,16496,17037,17251,17719,18309,18629,19290,18710,19123,19547,20223,20488,21023,21670,22229,23513,24496,25561,23509,26650
East,E07000244,East Suffolk,13665,14275,14987,15406,16098,16931,17372,18217,18954,19313,19525,18781,19376,20126,20806,21429,21738,21800,21995,22965,23385,25041,23154,24909
East,E07000245,West Suffolk,17435,18340,19341,21049,21824,22365,22927,23830,25530,26114,27096,26702,27169,27535,28539,29866,29931,31182,33058,33536,33980,35589,32513,33513
East,E07000144,Broadland,12268,12347,13149,13474,14295,15154,15465,15912,17282,18208,19809,21275,21414,20873,21845,23347,23293,24462,26587,29874,28419,34332,30466,33402
East,E07000145,Great Yarmouth,12221,12518,13106,13653,14262,14973,15684,16047,17290,17721,18632,18347,18729,19271,20907,21130,21585,21359,19681,19906,19568,21030,19462,21853
East,E07000148,Norwich,16595,17594,18611,19522,20239,21280,22369,23858,25693,26309,26211,25753,26064,26635,27144,28804,29543,29626,29827,31209,31003,33174,30233,31586
East,E07000146,King's Lynn and West Norfolk,14332,14845,15467,15825,16410,17162,17149,17957,18448,18802,19451,19292,19615,20141,20845,21537,21819,21941,22741,23046,23262,24364,22880,24017
East,E07000147,North Norfolk,10330,10635,11186,11644,12306,12778,13010,13603,14234,14617,15224,14765,15053,15342,15711,15885,16566,16843,17239,17789,17795,18173,17208,19209
East,E07000143,Breckland,11399,11743,12352,12980,13556,14014,14294,14846,15913,16189,16663,16566,16919,17415,17675,18174,18768,19178,19840,20186,20053,21255,20458,22054
East,E07000149,South Norfolk,13601,14321,15184,15670,16275,17210,17830,18560,19572,19935,20020,19359,19773,20125,20922,21279,21751,21808,22137,22486,22245,23404,22621,24609
East,E06000032,Luton,17158,17836,19339,20162,20731,21814,22318,23013,23514,24750,25609,23466,23564,23482,23625,25881,28216,29167,29464,31077,31590,32930,26611,24693
East,E07000095,Broxbourne,18120,19142,19780,20305,20673,22084,22354,23908,25008,26179,28504,26841,26092,25909,26713,27675,28994,28658,26543,27351,27629,27466,25446,27240
East,E07000096,Dacorum,17272,18063,18949,19717,20569,21686,22624,23858,24444,25486,26140,24600,24719,25446,25450,26024,26918,27857,28695,31457,32183,33535,33737,36359
East,E07000098,Hertsmere,21879,22907,23406,24488,24742,26267,27750,29801,29880,31131,32208,31982,31309,31200,32647,34975,36748,37869,41075,44727,44463,45236,41780,46273
East,E07000099,North Hertfordshire,16741,17628,18757,19143,19566,20585,20892,22163,22345,22650,23312,22461,23071,23386,23822,25319,26805,27222,27867,29136,30321,31093,30864,34324
East,E07000102,Three Rivers,23848,24583,25133,26778,27519,29659,30942,31631,31438,32825,33042,31295,32004,33689,32912,36756,41119,42203,43756,49057,51522,53954,48616,54204
East,E07000103,Watford,25955,27290,28705,30228,31817,34001,36037,37533,39123,41097,41364,39798,38415,38844,39800,42617,45358,49820,53280,58322,57667,56292,49241,49211
East,E07000240,St Albans,17498,18098,19372,19864,20664,21368,22699,24034,24341,25209,25448,23717,24377,24463,24398,25266,26673,30219,31350,32710,33391,34304,32689,34177
East,E07000241,Welwyn Hatfield,25920,27747,28532,29809,31093,32540,33500,35444,35305,35998,36751,34097,33208,31039,31040,33360,35077,35214,35478,38772,42676,48812,47694,50083
East,E07000242,East Hertfordshire,17459,19196,20131,20740,21156,22272,22714,24887,26755,28089,31256,29252,27713,26691,24746,24702,26002,26341,29701,29930,29690,31173,27994,30656
East,E07000243,Stevenage,20750,22045,22621,23029,23836,25532,27298,29848,30343,31043,31751,29286,29116,28473,29335,30696,31506,32213,32319,34651,33893,34240,32102,34517
East,E06000055,Bedford,15987,16603,17044,17661,18274,19142,19706,21117,21687,22344,23228,22248,22172,22075,22494,22970,24079,24843,25374,26884,27131,28628,26772,29127
East,E06000056,Central Bedfordshire,14538,14972,15816,16220,16803,17382,17612,18437,18572,18965,19524,18519,19107,19439,19671,20766,21653,22284,23529,25049,25183,24711,22272,23844
East,E06000033,Southend-on-Sea,10719,11225,11784,12588,13110,14135,14831,15219,16036,16507,16747,16411,16636,16691,17019,17315,17878,18092,18625,19676,20179,19640,17636,19337
East,E06000034,Thurrock,16929,16731,16730,17678,17759,20009,20615,21555,22104,22728,22778,22100,22761,21748,22134,21767,23106,24508,24658,27229,28165,28540,27074,29280
East,E07000067,Braintree,14258,14135,14797,15477,15529,16844,17087,17371,17778,18134,18301,17455,18203,17951,18211,18843,20718,22539,25628,28749,28114,26432,24035,26389
East,E07000071,Colchester,14477,14636,15525,16593,17114,18463,18777,19256,19831,20464,20749,20419,21231,21673,22414,22535,23168,24180,24713,25778,26440,27556,25034,27752
East,E07000076,Tendring,9127,9311,9460,9882,10050,10921,11381,11702,11997,12359,12968,12187,12911,13155,13308,13566,13851,14464,14975,15926,15960,16603,15588,17285
East,E07000072,Epping Forest,16051,16741,17413,18689,19831,21552,22077,22668,24025,25156,24943,24584,25812,25802,25346,25232,26455,29221,31812,34009,34975,34858,31088,33206
East,E07000073,Harlow,19960,20151,20646,21697,22858,25394,26621,27387,28344,29142,29083,26174,27344,25923,24929,25565,25431,26238,27115,28786,29586,27819,25238,26690
East,E07000077,Uttlesford,18467,19557,20660,21487,22165,23773,24042,24632,24844,25545,25889,24859,25803,25757,26364,27862,28135,28693,29131,29936,30021,31008,25939,26961
East,E07000068,Brentwood,20964,21447,23175,25224,25946,27851,27901,28934,30355,31906,31661,30710,31616,31216,29787,30781,36450,41868,42944,46706,48939,49410,41911,44867
East,E07000070,Chelmsford,18598,18790,19741,21065,21442,23077,23436,23921,24952,25873,25844,25786,26162,26335,27794,27969,29151,28783,29228,30334,31573,32809,31953,34643
East,E07000074,Maldon,11865,11962,12451,12903,13241,14275,14452,14642,15146,15378,16043,15084,16043,16322,16695,17188,17722,18028,18668,19976,19954,20552,19424,20259
East,E07000066,Basildon,19283,19212,20670,21639,22136,24005,24131,24907,25683,26508,27729,25638,27587,27583,28646,30172,31202,30701,31920,32931,33981,35654,34125,36845
East,E07000069,Castle Point,7641,7861,8211,8671,8935,9664,9785,10105,10391,10848,11147,10646,11168,11359,11576,11809,12378,12929,13081,13665,13921,14424,13685,15034
East,E07000075,Rochford,10001,10230,10637,11027,11025,11816,11832,12144,12447,12610,12883,12178,12584,12860,13547,14251,14809,15674,16430,16861,17033,17783,17511,19238
London,E09000001,City of London,4131411,3656579,3890706,3685094,3878391,4292151,4677995,5309400,5835955,6182319,6287495,6563469,7060002,7278163,8191918,9569246,9951193,9241583,9363523,9271939,8625900,8196369,7772573,10696974
London,E09000007,Camden,57740,59528,62764,63783,65349,69590,73635,77950,80556,88247,92028,90056,92086,94292,95834,100686,108546,121235,134224,136968,137267,133436,114609,168278
London,E09000033,Westminster,146125,151876,160601,160270,162048,167666,171827,180587,188102,210384,221520,218395,228224,232654,241064,252363,266225,257577,278345,289616,292350,298521,272263,382206
London,E09000013,Hammersmith and Fulham,25840,27125,28401,29104,29788,31618,32978,34558,34555,37415,39822,38191,39492,41353,44562,48381,52580,55793,57303,60694,63928,68735,66179,68246
London,E09000020,Kensington and Chelsea,29437,30433,31260,31208,31901,32671,34451,35804,38042,42819,45837,43090,44908,48510,55732,61548,65216,66004,66996,67002,72195,69284,62874,72023
London,E09000032,Wandsworth,14107,15165,15944,16634,17193,17781,18357,19281,19890,21360,21836,20493,20926,21672,23165,24232,25791,27271,27683,27007,27487,27581,25700,27321
London,E09000012,Hackney,14461,15142,15997,16500,16869,17838,18543,19684,20188,21429,21687,20822,21545,22698,22750,23077,25215,25908,27154,28868,31750,36535,37284,44006
London,E09000025,Newham,13443,13706,14336,14736,14997,15704,16312,17198,17459,18100,18419,17209,17536,17733,18634,19012,19497,19976,20201,21050,21371,22498,20841,23485
London,E09000030,Tower Hamlets,66020,65987,72949,72596,73417,77751,83535,92570,99277,107107,109644,109422,109177,117026,112098,113388,115503,113985,119043,125774,119702,115687,112728,128919
London,E09000014,Haringey,10043,10658,11173,11732,11985,12462,12933,13537,13583,14521,14348,13426,14227,14808,15324,15358,16606,17243,16908,17424,17939,18281,16820,18679
London,E09000019,Islington,42471,45182,49543,50501,52087,54826,57876,60900,63105,68731,71633,69310,71063,72896,73414,78043,81574,83355,83872,83744,87036,87475,81567,101300
London,E09000023,Lewisham,8471,8869,9364,9963,10368,11165,11621,12283,12705,13453,13686,12738,13327,13999,14454,14391,15068,15293,15078,15056,15137,15444,14463,15739
London,E09000028,Southwark,29264,30457,33157,33772,34945,36814,38501,41127,41918,45759,47481,46955,49458,53798,55687,56482,54915,57966,60990,62140,66654,70132,64133,72276
London,E09000022,Lambeth,19493,20692,22337,23462,23876,25354,26600,28607,28881,31782,33259,31886,34258,35803,35947,34072,37989,39025,40672,41395,42282,42061,38984,43617
London,E09000004,Bexley,15854,16658,17245,17927,18577,19498,19918,20864,21862,22840,23186,21815,22406,22678,24384,26716,26948,27847,29117,28166,28219,29376,26603,27942
London,E09000011,Greenwich,13901,14774,15166,15385,15897,16680,17363,18127,18946,19538,19835,18202,19158,19496,19652,19938,20552,20916,21357,22230,22755,24008,20613,22253
London,E09000002,Barking and Dagenham,16258,15962,15794,15607,15510,16049,16868,16954,18469,19222,19206,17344,19057,19157,19660,20858,20746,20405,19320,18919,19211,19964,18136,18923
London,E09000016,Havering,15063,15823,16503,17130,17734,18795,19448,20380,21381,22331,21862,20057,20766,20810,22098,22618,23660,24098,24786,24948,25623,26379,23680,26113
London,E09000026,Redbridge,12543,13236,13749,14059,14604,15339,16062,16605,17312,17770,17492,15844,16243,16474,17468,17654,17870,18688,19070,19359,19580,19531,17376,19263
London,E09000031,Waltham Forest,10823,11508,11948,12434,12964,13752,14340,14972,15587,16099,15582,13971,14370,14728,15675,16123,16925,17643,17838,18014,18407,19317,17079,18564
London,E09000010,Enfield,15847,16606,17222,17800,18396,19635,20502,21218,22359,23356,22913,20710,21643,21695,22352,22973,23855,24846,25236,25024,26691,27899,25014,27764
London,E09000006,Bromley,17061,17934,18303,18833,19825,21109,22107,22946,24406,25338,25111,23305,23926,24309,25182,25623,25796,26110,27196,28028,28491,28218,25503,27421
London,E09000008,Croydon,17187,18190,19045,19595,20160,21372,22168,23241,24046,25544,25016,23567,23436,23269,23246,23536,25521,25655,26224,26870,28868,30680,28934,31579
London,E09000021,Kingston upon Thames,20008,20972,21853,22224,22934,24230,25287,26135,27274,28957,29074,27070,27290,27690,28350,27960,29812,29681,32593,32662,33569,33862,30240,33143
London,E09000024,Merton,18935,19903,20425,20649,21023,22061,22848,23809,24621,25818,25750,23462,24283,24888,25951,27609,29326,29862,30679,30295,30812,32118,29155,31506
London,E09000029,Sutton,15677,16465,17342,17758,18386,19400,20173,21117,22079,23244,23184,21242,21804,22065,22352,22466,23387,23210,24267,24558,24314,25037,22780,24890
London,E09000003,Barnet,15470,16354,16907,17291,18036,19048,19707,20330,21507,22306,21895,20401,20982,21369,22705,22977,24097,24706,25473,25539,26100,26775,25406,28833
London,E09000005,Brent,17472,18850,19488,19767,20470,21326,21819,22790,23750,24226,23692,21715,22316,22536,24087,25168,27078,28377,29387,29654,29525,31639,30091,31487
London,E09000009,Ealing,17879,18687,19394,19841,20335,21456,21989,22634,23654,24632,24436,22387,23085,23589,25192,26570,28405,29652,30851,30441,30799,31217,30591,30510
London,E09000015,Harrow,14723,15564,16006,16470,17125,18217,18767,19077,19838,20786,20510,18706,19468,19873,20189,20549,22053,23136,23926,24226,24656,25176,22721,25130
London,E09000017,Hillingdon,38269,40094,41801,42003,42458,44141,45722,46998,47393,48980,48156,42957,44611,45906,45969,47915,51696,51679,49660,51636,52389,52801,41476,42962
London,E09000018,Hounslow,31825,33919,36494,37759,38867,40110,40432,41827,46067,48800,51011,48457,49459,49652,51939,56211,60462,63119,66611,66922,65988,68675,59356,58265
London,E09000027,Richmond upon Thames,21180,22156,23345,23822,24268,25205,26020,27007,28340,30132,30100,28657,28630,29460,31355,32043,32962,35088,37270,39050,42739,42441,38527,41828
South East,E06000036,Bracknell Forest,26513,27864,28876,30107,31961,34246,34154,35563,36691,38663,40040,38840,40154,41659,42442,42582,43029,45771,44259,46211,46469,46814,42010,43069
South East,E06000037,West Berkshire,27941,30046,31815,31932,33470,34853,35905,37939,39277,40211,41124,40099,40635,42346,45536,46230,46197,49412,49531,49483,51952,57364,56849,56476
South East,E06000038,Reading,26575,29080,31431,31363,32106,34222,36297,38271,39277,40612,42098,42488,41884,43525,45506,46267,48858,48633,50350,49995,55538,55307,51724,54019
South East,E06000039,Slough,40018,43080,46109,46632,48507,51474,52800,54242,55092,56043,56532,54584,54273,55954,55112,56704,57945,56510,57116,56343,58820,61803,61989,62004
South East,E06000040,Windsor and Maidenhead,27294,28932,29987,30991,32246,34584,34799,36444,37028,38456,39628,38927,39464,41037,42426,45378,45378,47507,50559,54699,54893,54011,50250,53142
South East,E06000041,Wokingham,21376,22891,23137,23763,25321,28092,29013,30732,32548,34521,34445,33894,34705,36131,37242,35026,38524,38924,40483,42234,46025,51255,51966,52242
South East,E06000042,Milton Keynes,27835,28536,29698,31131,33024,35388,35155,36275,37724,39162,39343,37263,38488,39179,39776,41765,45698,50324,49415,52603,54686,55860,53040,55388
South East,E06000060,Buckinghamshire,19465,20306,21248,21911,22649,23678,23968,25087,25731,26730,27823,27028,27348,28256,28729,29413,30012,30094,30551,30864,31789,33819,31449,33290
South East,E07000177,Cherwell,21365,22042,22753,23322,24214,24884,25042,25784,26185,27299,28596,27413,28250,28902,29740,30703,32599,33270,33992,34486,35795,37549,35430,34587
South East,E07000178,Oxford,20134,20928,22418,23836,25797,27019,27687,27936,29286,30524,32806,32201,33264,33988,35600,37063,39897,41470,41792,41735,43573,48268,45975,45783
South East,E07000179,South Oxfordshire,19075,19891,20436,20351,21565,22644,22624,23704,24175,25176,25801,24659,25794,26690,26683,28190,29238,31352,29102,30242,31232,33774,33859,33619
South East,E07000180,Vale of White Horse,21713,22294,22994,23388,24652,26003,26318,27750,28513,29796,31204,30645,31818,32547,34263,35397,35238,35895,34743,35500,36482,36104,36086,38347
South East,E07000181,West Oxfordshire,17265,17459,18250,18806,19974,20453,20319,21115,21620,22433,23845,22681,23321,24221,24621,25224,26481,26840,27813,28440,29877,31474,29673,29937
South East,E06000043,Brighton and Hove,15118,16043,16777,17822,18571,19266,20010,21076,22417,23014,23788,23505,23558,23940,25630,27211,28247,28661,29888,30996,31973,33416,32353,37302
South East,E07000061,Eastbourne,12104,12768,13301,13903,14509,15065,15279,15885,16511,16891,17684,17181,17602,17996,17744,18235,18641,18512,20247,20988,21049,21973,21673,23305
South East,E07000062,Hastings,10944,11167,11438,11748,12506,12945,13521,13893,14478,14803,15832,15437,15917,16490,16137,16245,17151,17903,19036,19452,19551,20335,19335,21015
South East,E07000063,Lewes,12123,12548,13131,13813,14148,14700,14887,15612,16140,16567,17399,16662,16937,17002,16685,17259,17917,19030,19467,20241,21067,21882,21255,22874
South East,E07000064,Rother,9670,10264,10685,11300,11692,12134,12385,12982,13529,13869,14466,13882,13988,14110,13999,14700,15333,16236,16835,16478,16374,17146,16647,19125
South East,E07000065,Wealden,11758,12479,12944,13316,13769,14056,14132,14730,15259,15593,16539,15616,16189,16259,16150,16547,17395,18122,18700,19181,19403,19706,18535,20817
South East,E07000207,Elmbridge,22791,23957,25406,26164,26097,26614,27204,27765,29395,30035,30964,29710,30524,31645,32103,33417,39827,44170,46591,48963,51540,55489,53660,54369
South East,E07000209,Guildford,23186,24305,25705,26007,26923,27892,28709,29899,31317,32293,33802,33256,34319,33792,34522,35680,35391,37399,37196,36880,38806,41333,39563,45428
South East,E07000212,Runnymede,33402,35819,37035,38721,40989,42966,44178,45194,48545,50766,54610,55425,55954,55718,60317,63226,67714,66660,69324,74672,74199,76923,77855,87061
South East,E07000213,Spelthorne,19994,21479,23118,23726,24026,24951,25588,27417,28422,28759,29838,28534,29189,29583,29926,30958,31565,32613,32973,33498,34842,37046,36511,39344
South East,E07000214,Surrey Heath,24939,25676,26915,27733,28334,29396,29847,30610,32576,33658,34178,33141,36339,36347,37985,39654,36977,39857,39271,39583,43867,48417,47564,48213
South East,E07000216,Waverley,17289,18237,19411,20157,20870,21781,22277,23378,24853,25266,26243,25276,25894,26332,25977,26824,27701,29389,28586,28905,28733,29619,29439,31080
South East,E07000217,Woking,22001,23466,25095,25840,26932,27753,28224,29409,31061,31359,32316,31163,31581,31937,31557,33206,36116,34050,34173,34553,35675,34928,33206,34701
South East,E07000208,Epsom and Ewell,16284,17199,18028,18738,19658,20177,20540,20965,22417,22748,23294,22646,23198,23067,23483,22556,23304,24316,24777,24590,24320,25116,24467,25556
South East,E07000210,Mole Valley,27387,28723,30614,31847,32786,33326,35302,37528,40569,41651,42302,41383,42261,42860,50184,55498,55595,49437,50827,51104,52281,53197,49070,50529
South East,E07000211,Reigate and Banstead,36395,37581,38426,39549,40603,41159,44094,46483,51854,53422,52824,53833,54108,52401,52734,53782,52507,51947,49080,51086,44953,45114,40499,44143
South East,E07000215,Tandridge,15196,16123,16686,17054,17972,18616,18934,19583,20572,21215,21917,20619,21546,21675,21117,21970,24029,25435,25560,24587,24744,25407,23647,25739
South East,E07000223,Adur,12509,13034,13531,13987,14281,14718,14994,15797,16590,17150,17677,16799,17459,17506,18159,17432,17901,18971,19594,20199,20668,20782,20276,21527
South East,E07000224,Arun,10394,10766,11052,11566,11947,12410,12490,12832,13209,13598,14295,13543,14250,14562,14897,15634,16010,16156,16983,17227,17942,18238,17029,18145
South East,E07000225,Chichester,17867,18448,19468,19885,20468,21313,21616,22503,23347,23584,25120,24595,25250,25851,26386,27342,28048,29717,30076,31440,31791,33351,31017,31601
South East,E07000229,Worthing,17722,20730,21421,21507,24280,25765,25588,25219,26532,27916,29070,27271,28752,28760,29575,30354,29666,30748,33354,37172,38921,40657,40179,40669
South East,E07000226,Crawley,35160,36172,36284,35836,37916,38965,38863,38618,41042,42980,45487,43666,45565,45936,47597,49937,51127,54596,56678,59665,60001,61116,49172,44591
South East,E07000227,Horsham,16475,17641,18224,18600,19641,20180,20268,21099,21837,22614,23967,22775,23689,24137,24423,23195,23957,24258,25401,25539,27707,27773,26473,27731
South East,E07000228,Mid Sussex,15016,15809,16669,17135,17628,18277,18640,19271,20114,20763,21558,20769,21457,21711,22187,22442,22895,24128,24641,25251,25679,26973,25401,27538
South East,E06000044,Portsmouth,16466,17107,17863,18733,19828,20580,21636,22545,23399,25079,26404,25824,26242,26622,27953,28847,29707,29459,29374,30980,31404,33789,32308,36320
South East,E06000045,Southampton,16731,17132,17543,18227,19531,20651,22558,23547,24112,25305,26276,26666,27375,29216,29440,29938,30531,32084,31574,32610,33090,33014,28503,30931
South East,E06000046,Isle of Wight,10731,11072,11488,11786,12562,13105,13812,14181,14895,15248,15922,15379,16078,16798,17230,18593,19367,19954,19900,20563,20830,22222,21283,21990
South East,E07000086,Eastleigh,20350,20085,21122,22699,23583,24569,25495,26383,27199,28080,28449,27224,28386,28850,29162,29568,31612,33059,34649,36751,35463,36955,33307,36950
South East,E07000087,Fareham,16262,16432,17092,17532,17868,18387,19227,20321,20867,21560,22417,21279,22382,23332,24499,25257,26685,26717,28100,29225,29101,30407,28890,31752
South East,E07000088,Gosport,9078,9347,9679,10047,10408,10932,11345,11674,11934,12253,12742,12529,12916,13221,13323,13892,14527,14729,15236,15920,16276,16681,15912,17520
South East,E07000090,Havant,14385,14448,15171,15401,16550,16404,17371,18211,18942,20273,21500,21296,23265,23947,25268,26139,26250,26309,26523,25678,24399,24506,23285,24756
South East,E07000085,East Hampshire,15567,16204,16799,17238,17824,18260,18556,19493,20019,20458,21197,20516,21254,21982,22532,22294,22550,23329,23314,24162,24807,26312,24395,25615
South East,E07000091,New Forest,16604,16525,17321,18376,18617,19747,20786,21167,21429,22166,22509,22019,23298,23619,23527,24856,24918,26068,27188,27996,29139,30741,28458,32360
South East,E07000093,Test Valley,18739,18896,19804,20450,20821,21274,21781,22663,23323,23999,24806,23763,25027,25699,26525,26944,28044,29177,29981,30137,30873,32433,30545,32044
South East,E07000094,Winchester,23020,23905,25248,26409,27186,27887,29537,31253,32252,34285,35217,34609,35776,36553,38055,39274,41794,44274,45199,48197,47629,49109,43888,47173
South East,E07000084,Basingstoke and Deane,27954,28323,29838,30946,32606,33205,34553,35972,36463,37892,38860,39440,40368,40780,41376,43351,42342,40867,40852,41284,42844,45082,41777,41642
South East,E07000089,Hart,21126,21872,24205,26069,27885,28079,28920,29792,30424,32519,33098,31027,32970,33782,33705,36368,37609,40389,42385,34954,35604,38361,35293,35805
South East,E07000092,Rushmoor,18530,18612,20003,21590,23168,24286,26046,27223,27971,30001,31400,31147,32745,33481,33905,34559,35227,37143,40493,53527,61001,69864,70587,66138
South East,E06000035,Medway,11947,12281,12382,12866,13548,14384,15118,16024,16693,17256,18081,17396,18115,18529,19273,19807,20095,20580,21490,22414,23141,24578,23975,25735
South East,E07000107,Dartford,22738,23635,24070,24725,26407,28002,28689,29922,30563,31465,32861,30909,31479,32012,32919,33983,36633,39163,42000,39604,39331,39189,35457,38972
South East,E07000109,Gravesham,10161,10361,10473,10895,11612,12067,12437,12868,13080,13593,14494,13708,14412,14600,15268,15721,16006,16558,17533,18075,18840,20046,19476,21233
South East,E07000113,Swale,15648,15909,15963,16554,17395,18232,18576,18470,18346,18822,19491,17221,18337,18839,18636,19122,19827,20512,21395,21336,22512,26265,26654,25653
South East,E07000106,Canterbury,13674,13953,14192,14931,15536,16292,17028,18023,18398,18984,20060,19452,20175,20414,20509,21134,22032,21740,21344,22245,23169,23513,22353,25737
South East,E07000108,Dover,14376,15740,17675,17920,16915,17718,19522,19254,18113,18095,19968,17941,18983,20493,20301,20498,21241,22829,22799,22857,23584,24182,21227,22582
South East,E07000112,Folkestone and Hythe,12663,12947,13291,13386,13845,14534,15037,16238,17015,17572,18419,17812,17975,18468,18920,19530,19608,20888,22205,23299,22879,23503,20808,23925
South East,E07000114,Thanet,9670,10030,10241,10546,11046,11745,12243,13031,13383,13800,14657,13808,14265,14469,14428,14872,15202,15791,16541,17340,18049,18646,17323,18896
South East,E07000105,Ashford,16937,17381,17648,17992,18508,18943,19663,20629,21361,21972,22766,21313,22017,22373,23242,23343,24834,25690,25959,26132,26808,28497,26321,28493
South East,E07000110,Maidstone,16383,16831,17363,18100,18721,19826,20655,21366,21831,22701,23681,22314,23200,23621,23318,24154,24847,25716,26554,27146,28337,29953,28959,31162
South East,E07000111,Sevenoaks,17107,17490,17920,18896,19692,20755,21690,23046,23594,24427,24932,23354,24556,25719,27477,29429,30371,32590,34998,35871,38317,37931,35754,38994
South East,E07000115,Tonbridge and Malling,22336,23658,24725,24918,25652,26477,27334,28723,29701,30768,31701,30463,31588,31770,32024,33079,33033,33195,34553,36044,38142,42269,42065,42745
South East,E07000116,Tunbridge Wells,19343,19751,19475,20237,20633,21438,22593,24494,24804,24941,25921,25488,26280,27462,27290,27522,28069,31009,33201,33890,33001,33280,31335,34041
South West,E06000023,"Bristol, City of",17716,18436,19466,21006,21928,22916,24076,24246,25246,27003,27758,28237,29138,29106,30023,30395,31580,32329,34128,36154,35621,37537,35748,39024
South West,E06000022,Bath and North East Somerset,15011,15572,16377,17116,18000,18783,19464,20090,20927,21618,22211,21698,22818,23052,23514,23339,24056,24045,24436,24801,24885,26362,24095,26388
South West,E06000024,North Somerset,13587,14140,14653,15267,15865,16507,17216,17553,17858,18420,18838,18011,18738,19079,19710,20553,21547,22024,23014,23214,24102,24931,23323,24165
South West,E06000025,South Gloucestershire,21866,22836,23993,25714,26901,28433,29725,30659,31835,33041,34329,33753,35128,35921,37567,38049,41094,41028,42995,43831,45281,46546,45608,48525
South West,E07000078,Cheltenham,16300,16929,17912,19162,19927,20970,22035,22465,22962,23791,24794,24389,26102,25964,25476,26061,27973,28359,29180,30320,31345,33221,32269,33376
South West,E07000079,Cotswold,23517,25050,25712,27193,27572,28692,30503,33714,34027,35547,35741,36938,38891,37027,35873,38253,39177,36986,40418,43215,46279,47999,43047,45603
South West,E07000080,Forest of Dean,16127,16194,16806,17726,17626,18191,17744,18237,19123,20314,21077,19883,20913,22067,23279,22406,23607,22951,20530,21812,23668,29060,29736,31141
South West,E07000081,Gloucester,16982,17366,17998,19300,20467,21425,22326,22758,23546,24455,24841,24787,25453,25173,26215,25924,27262,27767,27503,28371,27860,28704,27878,29145
South West,E07000082,Stroud,15245,15952,16394,16883,17088,17587,18154,18575,18514,19415,19899,18917,20794,21258,22045,22692,23021,22965,24726,25923,26835,27611,25034,26994
South West,E07000083,Tewkesbury,22186,22519,23037,23919,25162,26248,27425,27846,28195,29248,29823,28970,30445,31366,32502,34573,35184,37166,35095,39506,37116,37755,33577,37251
South West,E06000030,Swindon,24279,25086,25992,28328,29514,31439,32567,33932,35956,38687,39973,39361,39329,38553,38356,39385,42333,44359,45202,45346,47608,49112,44458,44931
South West,E06000054,Wiltshire,15527,16290,16937,17952,18474,19108,19883,20367,20790,21618,22171,21655,22677,23125,23931,24535,25778,25568,26013,26540,27414,28346,26975,28431
South West,E07000187,Mendip,13093,13673,14221,14242,15148,15459,16125,16909,17869,18337,19111,18454,18794,18986,18871,19465,20557,21134,21367,22398,23205,23324,22281,23264
South West,E07000188,Sedgemoor,12882,13621,13929,14059,14315,14792,15616,16173,16682,16884,17424,17019,17489,17826,18720,18774,19779,20336,20688,23182,24957,25259,22610,23201
South West,E07000189,South Somerset,15895,16825,17930,18054,18308,19066,20087,20779,21501,21232,21922,21331,22086,22888,22943,22661,23802,23756,23918,25777,26146,27015,25505,26935
South West,E07000246,Somerset West and Taunton,14480,15012,15551,15572,16205,17100,17733,19336,20363,20829,21139,20808,20999,21209,21268,21978,23555,23740,24314,24771,24804,25406,23949,25386
South West,E06000058,"Bournemouth, Christchurch and Poole",15642,16567,17293,17785,18175,19434,20434,21464,22386,22932,23550,23126,22950,23166,23346,24629,25391,25693,27011,29048,29086,30160,28179,30369
South West,E06000059,Dorset,13867,14854,15655,15570,15821,16288,16796,17751,18344,18500,19676,18826,19554,19732,20206,20660,21564,21442,21821,22846,23713,24501,22990,24672
South West,E06000052,Cornwall,11383,11686,12237,12734,13616,14658,15136,15989,16969,17235,17932,16995,17428,17953,18437,19053,19560,19778,20763,21974,22584,23214,21093,23344
South West,E06000053,Isles of Scilly,17837,17847,18857,18515,19336,21971,21866,22621,25091,23535,24007,24356,25075,27853,27865,29014,27410,29269,30714,34508,35894,34622,27216,27948
South West,E06000026,Plymouth,12747,13510,13740,14521,15002,15895,17404,17713,18700,18840,19527,19084,19960,20519,21149,21721,22155,22890,23531,24249,24930,25779,23792,25262
South West,E06000027,Torbay,10711,11267,11324,11656,12100,12692,14008,14585,15359,15682,16014,15382,15945,16173,16019,16547,16731,16738,16919,17047,16809,17518,16346,17846
South West,E07000040,East Devon,13108,13666,13818,14052,14602,15295,16530,17162,17757,17751,18265,17834,18613,19378,20077,19825,20923,20939,20701,21708,22169,23592,21699,22437
South West,E07000041,Exeter,22614,23699,24307,25554,27277,29346,32249,32972,34915,35900,36889,36993,37561,36791,37800,40533,39268,40768,41945,44464,44102,45675,41918,47101
South West,E07000042,Mid Devon,12320,12611,12704,12914,13365,13488,14133,14401,14904,14771,15134,14527,15301,15602,15602,16307,17247,18056,18263,19126,20063,20341,18115,19919
South West,E07000043,North Devon,13900,15032,15372,15762,16513,17300,18224,18899,20171,20491,20955,20485,21691,22003,22252,22825,23474,24957,25789,26201,26740,27362,24702,27177
South West,E07000044,South Hams,15224,15700,16020,16801,17613,18857,20143,20854,21717,21880,22438,21412,22587,23613,23562,23883,25346,25765,26050,26435,27434,27372,25097,27348
South West,E07000045,Teignbridge,10993,11435,11750,11979,12627,13285,14105,14532,15269,15276,15562,14874,15943,16385,16990,17600,19104,19692,20413,21454,21236,21740,19051,21198
South West,E07000046,Torridge,10954,11230,11229,11289,11994,12382,13133,13514,14017,13953,14533,13984,14701,15092,15561,15849,16745,16320,16620,17274,17302,17645,16004,17774
South West,E07000047,West Devon,11204,11571,11564,11924,12464,13037,13860,14363,15019,14887,15018,14268,14893,15045,14845,15561,16219,16539,16972,17467,17610,17412,16183,16907
Wales,W06000001,Isle of Anglesey,9823,9976,10391,10797,11151,12184,13581,13895,14298,14394,14466,13382,13498,14399,14705,14889,15042,15852,16909,17451,18484,19596,16425,18102
Wales,W06000002,Gwynedd,12699,12824,13205,13629,14609,15725,16409,17583,18755,19124,19307,18477,18436,19254,19775,20878,20911,21203,21255,22237,22603,23400,20758,24613
Wales,W06000003,Conwy,10013,10292,10634,10964,11481,12172,12686,13259,13797,13925,13908,13248,13863,14511,14756,15764,16332,16961,17618,18836,19118,19480,17952,18930
Wales,W06000004,Denbighshire,11570,11694,12087,12564,13498,14291,15211,15892,16605,16873,17153,16494,17184,17923,17786,18817,19404,19686,20615,21568,22335,22707,21836,23767
Wales,W06000008,Ceredigion,11366,11323,11690,12280,13067,13919,14670,15285,16241,16616,16948,16731,17202,18039,17618,18292,18414,19447,20193,20938,21691,21995,20667,22405
Wales,W06000009,Pembrokeshire,12102,11792,11819,12826,12828,13963,16636,16236,15753,17338,17122,15476,16162,16121,16801,18512,18478,22134,22064,23087,22370,24359,22365,29382
Wales,W06000010,Carmarthenshire,11136,11248,11629,12028,12512,13154,13708,14455,15155,15467,15582,14671,15208,15792,16576,17426,18009,18588,19345,19450,20254,21253,19651,22504
Wales,W06000016,Rhondda Cynon Taf,10172,10395,10696,10847,11563,12067,12472,13133,14013,14382,14868,15294,16577,17210,17646,18386,19144,18944,19999,20347,20608,21061,20450,22373
Wales,W06000024,Merthyr Tydfil,10980,11426,12213,12590,13191,14172,15539,16654,17080,17412,17510,17070,17194,17988,17841,18100,18291,18617,19071,19913,20709,20864,19816,21305
Wales,W06000018,Caerphilly,10365,10458,10866,10998,11251,11759,12253,12719,13244,13428,13532,13246,13701,14552,14781,15460,15854,16627,17779,18284,18896,19665,18135,20090
Wales,W06000019,Blaenau Gwent,8801,8888,9377,9545,9904,10205,10723,11289,11655,11872,11836,11293,11952,12658,13148,13327,13352,13967,14042,15039,15901,16057,14911,17160
Wales,W06000020,Torfaen,11427,11605,12312,12508,13165,14247,15035,15767,16645,16667,16555,15854,16679,17567,17408,18427,18732,18478,18253,19189,20292,21507,19686,21950
Wales,W06000012,Neath Port Talbot,11586,11876,12388,11951,11981,12181,12388,12982,14135,14587,14856,14299,15780,15873,16328,17245,17669,18246,18941,19340,19795,21115,19089,21225
Wales,W06000013,Bridgend,14178,14444,15152,15311,16093,17137,17825,18514,19316,19647,19889,18669,19802,20513,20479,21388,22517,22477,22600,23822,24928,26542,24411,26263
Wales,W06000011,Swansea,12957,13281,13822,14663,15210,16124,17255,18209,18933,19538,19984,19835,19787,20399,20661,21230,22847,22541,23487,24406,25639,26421,24757,26924
Wales,W06000021,Monmouthshire,13162,14026,15089,15532,16231,17024,17737,18402,19284,19786,20019,19105,19597,20194,20844,21199,22105,23210,23001,23282,24348,25162,24054,26416
Wales,W06000022,Newport,16330,17072,18002,18247,18586,20109,21214,21869,22842,23703,22674,22145,23047,23727,24232,24002,23914,24789,26997,27615,29678,30019,27218,28452
Wales,W06000014,Vale of Glamorgan,10905,11363,11765,12392,12995,13829,13688,14216,14947,14959,14711,14650,14804,15296,16225,17134,17253,18263,18554,18065,18003,18431,15979,17237
Wales,W06000015,Cardiff,18102,19366,20185,20968,22008,23480,24469,25576,26834,28530,27863,27889,27890,28672,29815,30115,30921,31570,33256,34468,35126,36680,35393,38556
Wales,W06000005,Flintshire,15751,15899,16564,16798,16950,17805,18468,19137,20467,20712,21572,21004,22501,24940,25983,26772,26699,27967,29321,30550,31301,31768,30291,34634
Wales,W06000006,Wrexham,15207,15182,15920,16203,16594,17642,18684,19529,20392,21134,20746,20588,21619,22317,22915,24081,23664,24256,24530,25008,26345,27762,26666,29043
Wales,W06000023,Powys,11333,11663,12285,12839,13243,14270,14764,15124,15552,16061,15551,15295,15843,16451,16982,17492,18113,18866,19458,19421,20066,20326,19155,20135
Northern Ireland,N09000003,Belfast,18008,19418,20915,22241,23187,25592,27079,28735,30250,31610,31863,31669,31101,32088,32663,33929,34395,35581,38029,40120,41274,42622,40892,45085
Northern Ireland,N09000002,"Armagh City, Banbridge and Craigavon",11320,11928,12598,13274,13561,14332,14876,15561,16301,17043,16843,15994,16303,16709,16940,17819,18457,18970,20115,20551,21481,22313,21387,22711
Northern Ireland,N09000010,"Newry, Mourne and Down",10468,11034,11887,12332,12639,13443,13937,14640,15344,15604,15758,14921,14998,15729,16204,16874,17817,18179,19095,19650,20199,21256,20310,21077
Northern Ireland,N09000011,Ards and North Down,8706,9149,9671,10099,10452,11158,11457,12185,12881,13291,13378,12622,12694,13251,13541,13290,13816,13925,15114,15757,16295,16920,16053,16316
Northern Ireland,N09000005,Derry City and Strabane,10553,11025,11469,11928,12292,13710,14055,15258,16341,16374,16840,16603,16571,17110,17716,18136,18428,18734,20059,21004,21456,22924,22809,24125
Northern Ireland,N09000009,Mid Ulster,14905,15836,17237,17669,17899,19558,20067,21111,21898,22404,21293,19100,19994,20154,20356,21647,22517,23233,24178,24701,26531,28192,26497,29257
Northern Ireland,N09000004,Causeway Coast and Glens,10167,10803,11790,11818,12162,13066,13439,14155,15010,15384,15338,14671,15068,15753,16040,16243,16513,16525,17888,18307,18289,18854,17983,19539
Northern Ireland,N09000001,Antrim and Newtownabbey,14453,15241,16280,17075,17545,18327,18988,19618,20705,21688,21196,20124,20627,21315,21709,21809,22960,23705,24747,25718,26106,27388,26411,26851
Northern Ireland,N09000007,Lisburn and Castlereagh,13235,14049,15062,15941,16352,17480,17906,18859,19822,20493,20272,19581,19663,20099,21028,21561,22069,23007,24121,24525,25589,26955,25742,26911
Northern Ireland,N09000008,Mid and East Antrim,16938,17722,19185,18532,18993,19470,20543,20527,21285,21451,22439,23775,23408,22453,25024,24782,24087,26627,23762,23014,20157,21076,20256,21620
Northern Ireland,N09000006,Fermanagh and Omagh,12134,12762,13544,14103,14525,15540,16254,17498,18441,18709,18604,17863,17770,18038,18918,18353,19344,19546,20572,21527,22404,23305,23056,24938
Scotland,S12000033,Aberdeen City,25076,25317,26037,28177,29626,30341,32144,33897,38427,42447,46776,45186,46768,47324,50517,53376,53841,51371,46691,45462,47099,48420,43146,45491
Scotland,S12000034,Aberdeenshire,15862,15826,16393,17518,18170,18183,18940,19972,22120,24119,25637,24819,25313,26064,26695,28895,31339,30941,29759,30590,30140,29720,27392,28821
Scotland,S12000017,Highland,14323,15079,15677,16337,16610,18026,19354,20265,20782,21198,21725,21020,22144,23266,24002,25178,26131,26363,26970,28680,29448,30321,27553,29785
Scotland,S12000020,Moray,13592,14036,14473,14752,15161,16312,17126,17924,19046,19963,21762,21550,21643,22584,22356,23084,23227,23483,23477,25585,26178,26737,24968,26716
Scotland,S12000021,North Ayrshire,10768,11273,11752,12064,12072,12722,13135,14069,15036,15281,15676,15207,15676,15785,16475,17365,18169,18273,18642,19079,19477,20258,19604,21603
Scotland,S12000035,Argyll and Bute,12563,13266,13860,14658,15019,16242,17582,19110,19682,20376,21507,21260,21672,22554,23707,23855,24405,24341,25033,26881,26950,28397,26005,27858
Scotland,S12000013,Na h-Eileanan Siar,10510,11437,11954,13060,13273,14433,15630,16333,16989,17315,18359,17798,18839,19670,20006,19923,20662,20552,20615,21527,22473,24242,23383,25125
Scotland,S12000023,Orkney Islands,15325,16445,17565,18633,18694,20275,22146,23724,23694,24383,25888,25579,25940,27680,28349,27307,27905,28786,28104,28111,26384,28011,25097,27301
Scotland,S12000027,Shetland Islands,18515,19352,19569,20770,21122,22305,24413,25519,26766,27090,28907,30630,30660,32987,33328,34878,37206,34990,34126,36622,36460,38646,35791,37694
Scotland,S12000041,Angus,11274,11585,12095,12425,12789,13553,13635,14241,15653,16170,16423,15717,16004,16402,16872,17685,18759,18381,19477,19652,20891,22106,19695,21193
Scotland,S12000042,Dundee City,13823,14148,15326,16075,16912,18171,19256,19863,20545,21352,21593,21365,21645,22452,22910,23423,24118,24673,24859,25413,25967,26936,25683,27850
Scotland,S12000005,Clackmannanshire,10480,11018,11399,11486,12058,12889,13587,14316,15301,16073,16398,15869,15838,16434,16579,16944,18769,19533,20621,20764,22900,24011,23492,24818
Scotland,S12000047,Fife,12775,13014,13457,13809,14417,15058,15789,16377,17688,18278,18965,18114,18501,18747,19247,19994,20852,21300,21931,22440,22533,23218,22355,24644
Scotland,S12000010,East Lothian,10238,10373,10645,10999,11642,12350,12881,13286,14401,14830,14672,14078,14450,14876,15179,16457,17344,17698,18260,19153,19953,20481,19309,20826
Scotland,S12000019,Midlothian,10043,10433,11104,11518,11986,13015,13531,13965,14290,14780,15332,14638,15001,15478,16002,17232,18154,18985,19236,19720,20619,21211,20780,22020
Scotland,S12000036,City of Edinburgh,23539,23888,25645,27495,29657,32338,34561,36355,38100,39725,39666,40713,39958,40004,40921,42191,43205,43728,46604,48982,50239,51539,47859,51776
Scotland,S12000014,Falkirk,16325,16203,16734,17314,17874,19163,20245,21241,22503,22759,24153,23412,23891,23594,23552,24413,25154,26053,26141,26694,27791,29049,27405,30445
Scotland,S12000048,Perth and Kinross,17676,17018,16930,17366,18658,19919,20580,21418,23914,24487,24512,25112,24481,24998,26831,28909,29914,31183,31102,31658,32040,32685,29589,31332
Scotland,S12000030,Stirling,16942,17536,18480,19773,20526,22098,23321,24566,25258,27060,26811,26993,26411,26763,27436,28585,28639,28096,28060,29551,29150,31434,29327,31724
Scotland,S12000040,West Lothian,16722,17142,17235,17574,18452,19390,20455,21049,22138,22920,23476,22222,22943,23978,24293,23996,25083,26477,26749,27906,29179,29926,29086,31042
Scotland,S12000039,West Dunbartonshire,10623,10987,11599,12525,13048,13797,14933,15959,16999,17179,18101,17603,18159,18821,18277,18617,19463,19760,21222,22495,23851,24641,22269,24051
Scotland,S12000045,East Dunbartonshire,8317,8625,8855,9281,9611,10280,10729,11304,11936,12093,12336,11621,11761,12326,12676,13213,14157,14551,14944,16008,16244,16696,15132,16124
Scotland,S12000049,Glasgow City,20032,20905,21888,23118,23657,25186,27368,29474,31166,32027,32933,32361,31593,32416,32752,34377,35338,35409,35618,37105,37682,39143,37438,40244
Scotland,S12000011,East Renfrewshire,7830,8126,8468,8723,9029,9499,9862,10128,10448,10622,11133,10382,10713,11056,11658,12440,13209,13553,13844,14710,14713,14916,14050,14698
Scotland,S12000038,Renfrewshire,14872,15194,16079,16852,17470,18223,19109,20080,21073,20780,21729,20868,21050,21831,22118,23392,25459,26279,25782,27456,28232,28919,26322,28058
Scotland,S12000018,Inverclyde,10897,10859,11561,12392,13203,14036,15223,15644,16087,16276,17154,16832,16745,17553,18423,18022,18993,19323,19400,19528,18923,18597,16884,17501
Scotland,S12000050,North Lanarkshire,13159,13317,13770,14543,15118,15922,16793,17698,18571,18763,19778,19002,19221,19769,20125,20947,23096,23396,23956,25498,26255,27138,25838,27445
Scotland,S12000026,Scottish Borders,13726,13760,14132,14674,15189,15810,16070,16893,17714,17894,18553,17980,18186,18903,19342,20130,21871,22044,22255,22883,23927,24504,23683,25182
Scotland,S12000006,Dumfries and Galloway,14297,14911,15877,16862,17265,18011,18946,19717,20667,20839,21898,21228,21147,22105,22571,23822,25094,25045,25676,26742,26980,28115,26363,27352
Scotland,S12000008,East Ayrshire,10169,10590,11056,11716,12119,12499,13150,14286,15249,15679,16052,15682,15859,16203,16356,16505,16927,17484,17798,19108,18823,18634,17791,19256
Scotland,S12000028,South Ayrshire,13610,13996,15044,15711,16415,17068,18063,19104,20025,19942,20734,20409,21188,21547,21596,21598,22764,23292,23648,24677,25178,25562,22938,24777
Scotland,S12000029,South Lanarkshire,12961,13257,13541,14178,14805,15665,16351,17514,18816,19049,20122,19617,19682,20107,20672,21697,22498,22733,23140,24378,24407,24755,23292,25540
