Region code,Region name ,Local authority code,Local authority name,Year ending Sep 2002,Year ending Sep 2003,Year ending Sep 2004,Year ending Sep 2005,Year ending Sep 2006,Year ending Sep 2007,Year ending Sep 2008,Year ending Sep 2009,Year ending Sep 2010,Year ending Sep 2011,Year ending Sep 2012,Year ending Sep 2013,Year ending Sep 2014,Year ending Sep 2015,Year ending Sep 2016,Year ending Sep 2017,Year ending Sep 2018,Year ending Sep 2019,Year ending Sep 2020,Year ending Sep 2021,Year ending Sep 2022
E12000001,North East,E06000001,Hartlepool,53000,54972.5,55000,60000,86000,100000,110000,100000,112500,105000,102500,116000,117000,124250,120000,123000,124000,129950,130000,135000,125000
E12000001,North East,E06000002,Middlesbrough,47583,46000,64950,78000,99000,108000,100000,110000,108750,102500,105000,108000,120000,124000,131000,125000,133000,134950,135000,139500,130000
E12000001,North East,E06000003,Redcar and Cleveland,56000,69950,87000,100000,115000,123000,120000,115000,119972.5,112000,115000,116750,122500,125000,130000,130000,134000,130000,134995,145000,145000
E12000001,North East,E06000004,Stockton-on-Tees,65000,80000,100000,115000,124000,132995,132351,125250,130250,125000,125000,127500,133000,135000,135000,142500,146000,146500,151500,160000,152450
E12000001,North East,E06000005,Darlington,59000,71000,95000,111500,113995,121000,123000,120000,125000,120000,122000,119972.5,124950,131000,133250,137975,139000,140000,149995,158500,141100
E12000001,North East,E06000047,County Durham,50000,59950,80000,94050,105000,107500,110000,102000,110000,100000,100000,105000,110000,110000,111000,114000,116995,120995,120000,130000,120000
E12000001,North East,E06000057,Northumberland,69000,84950,108000,120000,133000,137000,144000,134000,145000,137525,137000,137000,145825,155000,157500,159950,165000,169000,169467,190000,170000
E12000001,North East,E08000021,Newcastle upon Tyne,75000,95000,125000,125000,140000,144000,145000,135000,140000,135000,131000,137500,141000,150000,155000,156000,160000,164995,165000,186000,175000
E12000001,North East,E08000022,North Tyneside,60000,82500,110000,120000,128000,132000,130250,128000,142000,132667,133000,137115,143500,155000,155000,165000,169475,174000,171000,185000,178000
E12000001,North East,E08000023,South Tyneside,50975,63125,85000,97000,106000,115000,115000,112000,117500,107000,106000,113445.5,119995,130000,131950,133000,137000,136000,135000,150000,139975
E12000001,North East,E08000024,Sunderland,55500,67500,87737.5,98500,105250,112000,112000,105000,110000,106000,107902,110000,115000,120000,120000,125000,127000,130000,128000,140000,130000
E12000001,North East,E08000037,Gateshead,59950,74000,94500,105000,115000,119500,119950,120000,120000,117500,116500,124720,124950,130000,130000,130000,136250,140000,141500,150000,139250
E12000002,North West,E06000006,Halton,60000,78000,93500,112000,115000,118000,118000,115000,125000,113000,114950,120000,125000,125000,134950,137000,140000,147500,152000,162000,160000
E12000002,North West,E06000007,Warrington,86775,105000,128950,140000,140000,150000,146972.5,140000,150000,148997.5,148000,151000,156000,164000,167000,175000,180000,190000,201125,230000,230000
E12000002,North West,E06000008,Blackburn with Darwen,43000,49950,66000,77975,86000,98000,104000,98000,98200,92500,97250,97000,99950,105000,104000,107500,120000,122000,124950,140000,130000
E12000002,North West,E06000009,Blackpool,55000,68000,87500,104000,113000,118000,117000,100000,105000,99000,95000,94500,99250,100000,105000,112000,110000,114000,118000,125000,129725
E12000002,North West,E06000049,Cheshire East,100000,125000,146000,158000,163000,169950,175000,163000,174950,170000,171500,173000,184000,192000,201995,215000,232500,238000,240000,268000,255500
E12000002,North West,E06000050,Cheshire West and Chester,92950,110000,137500,149450,155000,161500,164000,155000,163500,156000,158000,165000,170000,182000,185000,197500,198000,200000,210000,236000,231250
E12000002,North West,E07000026,Allerdale,65000,76000,92750,110000,130000,143000,137000,134000,144000,133000,136000,143500,146000,148000,143000,156000,163200,165000,163500,175000,155000
E12000002,North West,E07000027,Barrow-in-Furness,41000,47050,58500,72000,82000,92000,101500,93000,102500,97485,93000,100000,103000,110000,115000,119500,123000,128000,126000,144000,136250
E12000002,North West,E07000028,Carlisle,56500,72550,92000,105000,118930,124999,124950,118000,124950,120000,124000,122500,125000,125000,134000,132000,140000,145000,145995,160000,142000
E12000002,North West,E07000029,Copeland,45500,50000,69995,86000,98000,106975,111000,105000,119975,115000,110000,115000,117247.5,118000,125000,128575,122500,125000,130000,140000,129950
E12000002,North West,E07000030,Eden,86500,117250,157250,169500,176950,183000,189000,172500,176500,175000,166375,172500,175000,182500,185000,180100,205000,210000,200000,230000,235000
E12000002,North West,E07000031,South Lakeland,102500,129950,164000,179950,189950,199995,210000,190000,200000,196750,194000,190000,200000,210253,217500,225000,225000,240000,248000,268000,275750
E12000002,North West,E07000117,Burnley,30000,30950,37200,46375,63000,76000,82000,74950,75000,75000,75000,74000,83000,77500,89000,87495,90000,92750,100000,117500,117500
E12000002,North West,E07000118,Chorley,75500,92500,118000,132000,133000,137950,140000,140000,149995,149000,149995,149995,152500,161497.5,162950,172000,165000,170000,179000,195000,183000
E12000002,North West,E07000119,Fylde,86250,116000,145000,158000,170000,178000,176050,163500,170250,162000,155000,168000,167250,180000,190000,199950,193000,198000,209950,222500,212000
E12000002,North West,E07000120,Hyndburn,38250,38950,54375,70000,79950,90000,95000,83000,85000,85000,87500,87000,87500,90000,100000,100500,100100,101500,110000,117500,122000
E12000002,North West,E07000121,Lancaster,60000,79950,100000,118350,123500,130000,136000,123000,133995,125000,126500,130500,136000,140000,152000,151000,154375,155000,161000,180000,178000
E12000002,North West,E07000122,Pendle,36000,39000,50975,60000,77000,90000,94000,85000,85000,85000,82000,84750,91000,92000,95250,102500,105000,110000,117000,135000,125000
E12000002,North West,E07000123,Preston,58500,68000,92500,115000,119995,125000,124999,120585,123000,114250,124000,120000,125000,125000,129750,139500,144000,145000,152125,167000,160000
E12000002,North West,E07000124,Ribble Valley,88000,115000,158250,164500,173500,183000,188000,160000,174000,185750,175000,182000,192000,198000,207995,215000,215000,230000,237500,252000,250000
E12000002,North West,E07000125,Rossendale,48500,62500,85000,96000,106000,113500,115000,110000,113500,110000,107500,111000,118000,125000,123000,130050,130000,135000,145000,170000,164950
E12000002,North West,E07000126,South Ribble,74500,91150,122725,132500,135000,145000,145000,135000,143950,140000,136000,140000,149995,151000,155000,155000,163000,165000,170000,186000,185000
E12000002,North West,E07000127,West Lancashire,84500,103125,130000,138000,147000,158000,158000,155000,165000,150000,160000,162000,165000,168500,179995,180000,185000,192747.5,189475,217500,200000
E12000002,North West,E07000128,Wyre,74000,92450,119950,135000,140000,148950,145000,140000,142000,135000,135000,135995,135000,140000,145000,150250,154999,155000,165000,181000,173787
E12000002,North West,E08000001,Bolton,55000,60000,80000,98000,110000,120000,119846.5,109250,110000,107000,105000,108500,113000,119000,124995,127000,132500,137000,145000,163000,170000
E12000002,North West,E08000002,Bury,67000,80000,98500,119000,125000,130000,133500,125000,130000,120000,123000,122000,133000,144500,150000,157500,164000,173375,180000,212000,215000
E12000002,North West,E08000003,Manchester,67000,77000,97000,115000,130000,139995,135000,120610,124000,127500,125000,125000,134995,139950,148000,160500,170000,180000,195000,220000,230000
E12000002,North West,E08000004,Oldham,50000,59000,74000,86950,102000,111995,115000,105000,110000,104972.5,107000,110000,115000,117500,122000,127000,130000,135000,140000,170000,175000
E12000002,North West,E08000005,Rochdale,53500,63000,80000,94000,100000,113000,112000,100000,110000,105000,110000,115000,120000,123000,125000,127500,130000,140000,146500,170000,170000
E12000002,North West,E08000006,Salford,54000,69550,90000,105000,115125,124000,125000,116000,114000,110000,112500,116000,118745,125000,136500,158000,162950,164950,185000,205000,220000
E12000002,North West,E08000007,Stockport,89950,110000,134950,142500,150000,164950,165000,155000,160000,160000,160000,164000,172000,180000,194950,205000,220000,225000,234972.5,275000,273101.5
E12000002,North West,E08000008,Tameside,54500,68000,85000,100000,112000,122060,124950,110000,111050,108000,108000,110000,117000,124950,127500,135000,140000,148500,155000,175000,186000
E12000002,North West,E08000009,Trafford,112500,130000,155000,170000,175000,187000,185000,172000,180000,186000,185000,192000,199999.5,215999,230000,247000,257500,270500,282500,320000,346000
E12000002,North West,E08000010,Wigan,55000,67000,88000,99000,110000,119950,119000,110000,115000,110000,110000,110000,118817,123000,125000,130000,135000,145000,150000,163000,167000
E12000002,North West,E08000011,Knowsley,58500,67115.5,93000,114950,117000,119475,117725,107047.5,111750,106950,106000,110000,110000,119000,120000,128000,133000,150000,159000,165000,165000
E12000002,North West,E08000012,Liverpool,54950,63000,86500,100000,115000,123000,119950,115000,115000,110000,112000,112000,115000,120000,120000,124000,127000,126995,131000,157000,150000
E12000002,North West,E08000013,St. Helens,59950,69950,93500,109975,117000,123000,122000,110000,117500,110000,109000,110000,122000,120000,128000,132750,132000,135000,144000,157500,156000
E12000002,North West,E08000014,Sefton,78000,94000,123500,135000,142500,150000,148685,145000,149000,141000,140000,135000,146000,148000,158500,161250,166500,173000,177000,200000,200000
E12000002,North West,E08000015,Wirral,69000,82000,108000,120000,130000,138000,137000,130000,135000,135000,136000,135000,139950,142000,149950,155000,160000,165000,165500,195000,191250
E12000003,Yorkshire and The Humber,E06000010,"Kingston upon Hull, City of",39950,48500,58950,69000,81995,91000,93750,83000,91000,88500,89000,92000,97000,100000,105000,115000,112500,120000,120000,127000,127500
E12000003,Yorkshire and The Humber,E06000011,East Riding of Yorkshire,74950,93000,124000,133000,140000,149000,150000,137000,145000,139950,141000,140000,149000,153000,160000,170000,175000,182000,190000,210000,202000
E12000003,Yorkshire and The Humber,E06000012,North East Lincolnshire,50000,55000,74950,82000,95000,105000,110000,105000,115000,110000,112000,108000,119950,118625,123000,129000,128000,133000,137000,150000,147500
E12000003,Yorkshire and The Humber,E06000013,North Lincolnshire,55995,72500,92500,109995,115000,120000,124500,118872.5,119950,115000,112750,115000,120000,124995,127500,132500,137500,142500,145000,163000,161000
E12000003,Yorkshire and The Humber,E06000014,York,105000,131100,145950,161495,167000,177000,179950,163000,173000,175000,177000,180000,190000,210000,216750,227500,235000,243250,250000,275000,290250
E12000003,Yorkshire and The Humber,E07000163,Craven,92000,119950,140000,155000,172500,180000,178000,169975,175000,175375,175500,170000,174999,185000,187500,200000,195400,214950,231500,245000,245000
E12000003,Yorkshire and The Humber,E07000164,Hambleton,111000,130750,170000,186000,186500,200000,200000,180000,199950,200000,203000,200000,210000,212000,220000,229713,230000,230000,240000,269975,260000
E12000003,Yorkshire and The Humber,E07000165,Harrogate,122000,151500,175000,189950,192500,215000,215000,195000,215000,215000,212000,212700,222500,239950,258000,265000,275000,272500,299995,323000,307500
E12000003,Yorkshire and The Humber,E07000166,Richmondshire,89950,112000,148000,165000,167500,187500,186000,175000,192750,193500,180000,192500,184500,185000,195000,195000,200000,210000,200750,248000,250000
E12000003,Yorkshire and The Humber,E07000167,Ryedale,97000,128000,157000,180000,182000,193250,200000,168500,183000,185000,176000,183000,184999.5,194475,206950,216750,225000,221000,234950,250000,275000
E12000003,Yorkshire and The Humber,E07000168,Scarborough,71000,89950,120000,138500,140000,150000,150000,140000,146000,145000,140000,140000,145000,150000,145000,157000,159950,160000,169000,185000,185625
E12000003,Yorkshire and The Humber,E07000169,Selby,86123.5,115995,139000,152995,156000,166995,165000,151250,159995,158000,160000,160000,161225,166995,180000,190000,202500,205000,212000,228050,235200
E12000003,Yorkshire and The Humber,E08000016,Barnsley,47350,59950,82000,95000,105000,112000,110995,102000,105000,102000,105000,105000,110000,114950,117000,122000,129995,135000,135000,149995,150000
E12000003,Yorkshire and The Humber,E08000017,Doncaster,50000,66500,89950,102500,110000,116000,117000,107500,115000,110000,110000,110000,118000,124000,125000,130000,128000,131500,138000,153625,151000
E12000003,Yorkshire and The Humber,E08000018,Rotherham,59500,70000,88000,102000,115000,120000,123000,115000,119995,115000,117995,122500,125000,130000,134950,133245,138000,140000,145900,165000,163500
E12000003,Yorkshire and The Humber,E08000019,Sheffield,67500,83000,105550,114950,124995,129995,129950,123000,130000,124950,125000,124995,131995,138000,140000,150000,157000,160000,168920,183000,188000
E12000003,Yorkshire and The Humber,E08000032,Bradford,56000,66000,85000,99000,115000,124995,124995,117000,120000,120000,115000,119000,120000,125000,128000,133000,135000,138000,140000,156000,152000
E12000003,Yorkshire and The Humber,E08000033,Calderdale,55000,68250,90000,110000,117000,125000,125000,113000,124950,120000,115000,120000,124000,128000,135000,135000,141000,145000,150000,165000,158000
E12000003,Yorkshire and The Humber,E08000034,Kirklees,59500,75000,97500,112000,124000,130000,130000,122500,129950,124950,122999.5,124999,125000,132000,139950,141000,150000,155000,160000,180000,175000
E12000003,Yorkshire and The Humber,E08000035,Leeds,79000,99000,122000,132500,138000,145000,144725,134995,144000,142000,141000,144000,149000,154950,162500,169950,175100,180000,195000,220000,220000
E12000003,Yorkshire and The Humber,E08000036,Wakefield,62995,81988.5,98995,114950,119500,125000,126650,119000,125000,120000,119000,120000,125000,129896,136000,145000,152000,156000,159995,179000,178000
E12000004,East Midlands,E06000015,Derby,65000,81950,106000,120000,123010,130000,127000,120000,125000,119950,122725,125000,134000,136500,143000,145430,154950,165000,170000,185000,188000
E12000004,East Midlands,E06000016,Leicester,65000,86000,109950,118476,119950,125000,127000,120000,122000,121500,120000,121000,125000,132000,141000,152000,167000,177000,183000,210000,221000
E12000004,East Midlands,E06000017,Rutland,129950,156250,180000,191000,204603,210000,219000,200000,220000,205000,207000,209950,215000,233995,241995,250000,261500,270000,310000,315000,300000
E12000004,East Midlands,E06000018,Nottingham,63500,83000,96500,107500,113500,110505,108000,100000,100000,98000,97500,99559,107000,112500,120000,130000,135000,140000,148000,165000,175000
E12000004,East Midlands,E07000032,Amber Valley,68950,86950,109750,118000,125000,134950,137375,125000,133750,130000,125000,130000,134000,150000,155000,160000,172000,175000,177500,209950,195000
E12000004,East Midlands,E07000033,Bolsover,46000,62500,81500,94997.5,100000,109950,112500,100750,106000,95000,97500,97000,108000,112000,120000,125000,128500,133747.5,139995,159000,157000
E12000004,East Midlands,E07000034,Chesterfield,59950,75000,98997.5,115000,120000,125000,125000,115000,122500,118925,119000,124999.5,125000,130000,135000,142500,150000,152500,164000,182000,175000
E12000004,East Midlands,E07000035,Derbyshire Dales,120000,138000,170500,195000,200000,222000,202000,185000,212500,205000,200500,210000,218000,224000,234500,250000,249950,269950,266500,290000,315000
E12000004,East Midlands,E07000036,Erewash,68500,85000,106000,117500,119500,125000,124000,118000,118875,119000,120000,121000,126200,134000,137000,145000,154950,160000,168000,185000,200000
E12000004,East Midlands,E07000037,High Peak,85000,105000,132000,140000,145852.5,157000,155000,150000,146000,145000,150000,149500,150000,160000,169000,180000,185000,191000,196000,221747.5,230561.5
E12000004,East Midlands,E07000038,North East Derbyshire,69950,92000,114975,130000,139950,144500,144975,139975,138000,145000,142000,141200,151000,160000,165000,175000,180827.5,185000,200000,220000,215000
E12000004,East Midlands,E07000039,South Derbyshire,84000,112500,129500,143950,146000,149000,151747.5,138995,147500,142500,150000,145250,158000,168500,175000,195000,204850,217975,215125,230000,230000
E12000004,East Midlands,E07000129,Blaby,90000,118850,138000,147000,151725,160000,159950,145000,149000,155000,153000,155000,165000,176000,193000,204850,215000,220000,227000,250000,265225
E12000004,East Midlands,E07000130,Charnwood,86500,115000,135000,145000,148000,158000,157500,143000,151250,154625,155525,159950,168950,175000,188000,200000,210000,222500,225995,248747.5,250000
E12000004,East Midlands,E07000131,Harborough,122000,154725,169950,180000,186000,198000,194850,174725,200000,185000,185482.5,190000,215000,230000,239972.5,260000,269997.5,292000,295000,324995,315000
E12000004,East Midlands,E07000132,Hinckley and Bosworth,88172.5,110995,129500,140000,147000,153000,152000,148000,155000,149247.5,147000,147500,164000,170000,172995,187500,200000,205000,206500,235000,250000
E12000004,East Midlands,E07000133,Melton,98000,119995,139000,147500,155250,163250,159000,145000,155000,157000,160000,163000,166000,172000,185000,194997.5,205000,221250,220000,265000,250000
E12000004,East Midlands,E07000134,North West Leicestershire,87000,112000,130000,140000,142950,153000,153000,139850,145000,145000,140000,151476,160000,175000,180000,190000,210000,207725,227731,247345,251000
E12000004,East Midlands,E07000135,Oadby and Wigston,85000,115000,135000,146500,146500,153975,155000,135000,147975,150000,142875,146000,151975,165000,177000,186600,202500,215000,236000,257000,260000
E12000004,East Midlands,E07000136,Boston,67950,85276.5,107500,117995,118000,126747.5,124950,118000,119000,120000,123000,122000,129000,135000,141475,147000,155000,165000,169950,185000,185975
E12000004,East Midlands,E07000137,East Lindsey,75000,92000,123000,130000,135000,144000,143325.5,130000,135500,134000,129950,130000,136250,145000,148000,159997.5,165000,172000,177500,198000,210000
E12000004,East Midlands,E07000138,Lincoln,60000,82950,100000,109000,119000,123000,122000,115000,119350,119997.5,119000,120000,125000,130000,135000,143500,147000,152500,159950,172500,175000
E12000004,East Midlands,E07000139,North Kesteven,86000,114000,131000,140000,146000,154950,157750,140997.5,149950,143000,145750,144000,155000,165000,175000,183000,190000,202500,202000,228000,231750
E12000004,East Midlands,E07000140,South Holland,85000,105000,128000,134500,136500,149000,144997.5,129997.5,138000,133000,135000,135995,145000,153000,160000,170000,183000,185000,192250,217500,225000
E12000004,East Midlands,E07000141,South Kesteven,90000,118725,139000,151000,150000,162500,166000,147000,160000,153000,153500,155995,165000,173995,186725,195000,210000,214625,220000,245000,248000
E12000004,East Midlands,E07000142,West Lindsey,72000,90000,125000,128000,132950,142972.5,145000,130500,145000,140000,135000,135000,151000,150500,150000,165000,175000,177975,185000,220000,214995
E12000004,East Midlands,E06000061,North Northamptonshire,79995,98000,119950,129995,133000,142000,142155.5,130000,138000,135000,132500,138500,148000,160000,174000,189999,205000,210000,218000,235000,245000
E12000004,East Midlands,E06000062,West Northamptonshire,105000,127000,139995,146950,153000,163000,163500,152000,163849,160000,164000,166500,180000,192500,215000,235000,245000,245500,246000,275000,280000
E12000004,East Midlands,E07000170,Ashfield,57950,73000,93000,99995,107500,117500,112500,100933,106500,110995,110000,110000,120000,125000,130000,138000,142000,145000,145000,170000,177000
E12000004,East Midlands,E07000171,Bassetlaw,64995,82500,103000,119999,120850,128500,123250,120000,125000,125000,120000,122972.5,125000,130000,135995,146500,153000,160000,170500,190000,180000
E12000004,East Midlands,E07000172,Broxtowe,82000,105000,125000,137500,136000,141500,139950,129995,134000,132000,131997.5,137000,139000,148000,160000,162500,175000,185000,193000,218475,225000
E12000004,East Midlands,E07000173,Gedling,81700,100000,120000,129950,132000,136000,130000,125000,135950,132000,130000,130000,140000,147600,153000,165000,175000,181000,194997.5,217000,225000
E12000004,East Midlands,E07000174,Mansfield,54000,68000,88000,99950,107000,110000,112000,105000,112000,108800,103500,108250,115000,120100,127000,127000,136995,146000,150000,165000,168000
E12000004,East Midlands,E07000175,Newark and Sherwood,79950,109950,125000,130000,135000,142000,142500,131550,143000,135000,140015,142000,150000,150000,159000,169995,180000,187250,185000,222500,210000
E12000004,East Midlands,E07000176,Rushcliffe,122500,155000,170000,183750,185450,195000,189000,182000,195000,192500,190000,200000,207000,229972.5,249995,265000,269950,282250,288500,305000,310000
E12000005,West Midlands,E06000019,"Herefordshire, County of",109000,132500,157950,165000,176000,185800,190000,172750,187000,180000,184950,183000,189500,203000,202790,218500,235000,235000,245000,275000,270000
E12000005,West Midlands,E06000020,Telford and Wrekin,73125,90000,114000,119950,126500,131500,135000,135000,139000,138000,139950,142247.5,143000,149995,158995,164250,165000,173950,180000,207950,205000
E12000005,West Midlands,E06000021,Stoke-on-Trent,40000,45950,66000,78950,86000,90000,94000,87000,89000,85000,87500,89995,95000,98000,105000,110000,115000,120000,124950,135000,135000
E12000005,West Midlands,E06000051,Shropshire,97000,125000,146000,158000,168000,176000,181250,165000,172500,170000,169995,171000,175000,182500,194000,210000,215000,218000,229950,255500,250000
E12000005,West Midlands,E07000192,Cannock Chase,73500,86500,108000,119000,124995,130997.5,130000,121500,125000,125000,124995,125000,130500,135000,145000,159950,165000,171000,180000,197500,205000
E12000005,West Midlands,E07000193,East Staffordshire,76950,90000,115000,122000,125972.5,140000,136000,130000,144995,135000,133000,140000,145000,159000,159995,169000,182000,187000,200000,218000,200000
E12000005,West Midlands,E07000194,Lichfield,109950,137972.5,158500,175000,173000,186000,190000,170000,182500,178000,180000,180000,190000,197000,209950,225000,233000,253000,255000,276975,285000
E12000005,West Midlands,E07000195,Newcastle-under-Lyme,59950,75000,97000,110000,119950,124950,129250,122000,127250,120000,125000,125000,130000,133000,135000,130750,142750,150000,151997.5,169995,170000
E12000005,West Midlands,E07000196,South Staffordshire,110000,134950,150000,160000,169000,179950,180000,170000,175000,170250,176000,172000,178000,188000,197500,212750,215000,225000,235750,265000,265000
E12000005,West Midlands,E07000197,Stafford,88500,114950,133950,145000,150250,161000,164455.5,152000,157000,160000,156000,160000,165050,172500,185000,195000,200000,210000,215000,230000,230000
E12000005,West Midlands,E07000198,Staffordshire Moorlands,74000,89950,119950,128000,136500,143500,142500,130000,139000,136000,135000,135500,140000,150000,152000,158000,165000,170000,180000,200000,200000
E12000005,West Midlands,E07000199,Tamworth,82500,96500,120000,128000,136500,141500,139000,130000,139250,135000,131000,136000,142500,147500,165000,172000,190100,200000,215000,225000,224000
E12000005,West Midlands,E07000218,North Warwickshire,87000,106000,126500,137950,145000,149950,150000,147750,152000,142500,148000,145000,156000,167750,179000,190000,195000,212500,224975,250000,245000
E12000005,West Midlands,E07000219,Nuneaton and Bedworth,74000,89950,106000,120000,123500,129000,128500,119000,129000,125000,127500,129000,134975,140000,150000,160000,175000,182500,188000,209972.5,218750
E12000005,West Midlands,E07000220,Rugby,104997.5,116725,138500,148000,149995,155000,161250,146000,155000,154000,159000,165000,179995,187350,196250,210000,240000,247500,250000,268100,257500
E12000005,West Midlands,E07000221,Stratford-on-Avon,149950,182500,199350,210000,220000,229950,227750,215000,230000,233500,237500,245000,250000,268500,288000,297000,316000,315000,315000,350000,350000
E12000005,West Midlands,E07000222,Warwick,133500,158500,173000,185000,186000,197500,202500,188000,203750,205000,207500,214700,235000,250000,275000,285000,300000,310500,315000,335000,333000
E12000005,West Midlands,E07000234,Bromsgrove,139950,155500,181000,189000,195000,200000,205000,185000,196000,203950,203000,204950,219972.5,240000,250000,267500,279950,290000,290000,320000,327000
E12000005,West Midlands,E07000235,Malvern Hills,135000,167000,184950,195000,204000,227500,220000,195000,205000,210000,202500,202000,215000,225000,238000,255000,265000,287500,273000,317000,310000
E12000005,West Midlands,E07000236,Redditch,91500,115000,133000,137000,139500,147000,145000,141500,150000,142750,141000,150000,161000,170000,175000,186500,200000,215000,220000,239250,235000
E12000005,West Midlands,E07000237,Worcester,95000,118000,135975,145000,152400,164000,165000,152500,156000,157500,163000,162000,167000,178600,182500,185000,195000,202500,210000,230000,234500
E12000005,West Midlands,E07000238,Wychavon,126972.5,155000,172500,186500,190000,205000,210500,183000,197750,200000,195000,195000,210000,225875,245000,259000,270000,270000,282000,305000,305000
E12000005,West Midlands,E07000239,Wyre Forest,90000,113950,132000,144950,144000,155000,151000,145000,150000,146250,145000,150000,153750,157000,162000,170000,180500,184000,194750,220000,223000
E12000005,West Midlands,E08000025,Birmingham,78000,97950,119000,126500,130000,136950,135000,123000,130000,128500,126000,130000,137000,142000,150000,162000,171000,180000,187500,210000,215000
E12000005,West Midlands,E08000026,Coventry,71950,85000,105000,117000,121747.5,129950,126000,116000,122000,122747.5,121000,125000,132500,142000,153000,164000,175000,181995,185000,202500,214500
E12000005,West Midlands,E08000027,Dudley,79000,92000,114000,123000,128000,132425,135000,126500,134000,129000,129995,130000,137225,145000,150000,155000,163500,170000,180000,200000,208000
E12000005,West Midlands,E08000028,Sandwell,63000,79500,96750,107000,114950,120972.5,120000,110000,112500,110000,110000,110000,115000,122000,126500,135000,145000,153000,155997.5,174000,187500
E12000005,West Midlands,E08000029,Solihull,133000,159500,180000,190000,193750,202000,198000,183000,206000,203875,196000,205000,215000,240000,244500,260000,270000,277000,289950,325000,315000
E12000005,West Midlands,E08000030,Walsall,70000,86000,108500,119995,121500,125000,125950,121500,125000,125000,122000,125000,135000,134000,139000,147000,155000,157000,159250,187000,187000
E12000005,West Midlands,E08000031,Wolverhampton,64950,80000,96000,110000,118500,121000,124000,115000,114950,114475,115000,117995,122000,125250,134000,137725,147000,151000,162500,178000,185000
E12000006,East of England,E06000031,Peterborough,76500,92000,115750,122500,130000,139995,140000,129997.5,135000,131500,130000,137000,147747.5,153000,160000,170737,185000,195000,210000,222000,225000
E12000006,East of England,E06000032,Luton,89500,118000,130000,137500,144000,155000,160000,142000,150000,150000,150000,153000,165000,182000,217000,235000,245000,243000,252000,272000,293000
E12000006,East of England,E06000033,Southend-on-Sea,97500,125000,145000,156995,164500,175000,180000,165000,177500,180000,182000,185000,197000,218250,235000,260000,275000,290000,290000,323500,326750
E12000006,East of England,E06000034,Thurrock,106000,132000,147500,159000,162495,170000,175000,161000,165000,172000,167000,172000,185000,213000,250000,275000,280000,285500,290000,320000,335000
E12000006,East of England,E06000055,Bedford,108000,130000,145000,155000,161000,173000,177750,168000,176000,184625,180000,185000,199995,226995,238000,265000,280000,282500,285000,305000,315000
E12000006,East of England,E06000056,Central Bedfordshire,123000,145000,160000,170000,179995,186500,195000,176000,187562.5,190000,195000,200000,219995,240000,265000,294950,313995,315000,317000,340000,340000
E12000006,East of England,E07000008,Cambridge,162000,182000,196500,215000,220000,249950,249000,229250,250000,255750,275000,300000,340000,385500,415000,430000,430000,435000,435000,450000,475000
E12000006,East of England,E07000009,East Cambridgeshire,127000,146000,162000,175000,173000,187000,190000,170500,185000,184950,185000,195000,205000,229972.5,250000,274000,280000,289972.5,304000,325000,310000
E12000006,East of England,E07000010,Fenland,80000,102000,120000,130000,131000,136000,142995,125000,132500,132000,130000,128700,140000,148500,160000,175000,185000,190000,199997.5,215000,229995
E12000006,East of England,E07000011,Huntingdonshire,110000,130000,150000,160000,169000,180000,181000,166000,175000,175000,180000,185000,192500,210000,225000,250500,269995,275000,285000,300000,300000
E12000006,East of England,E07000012,South Cambridgeshire,158000,179250,189950,204650,215000,236000,245000,210000,229950,237750,243000,245000,260000,305000,335995,365000,364000,364436.5,379995,396995,417000
E12000006,East of England,E07000066,Basildon,110000,135000,152950,158000,169995,179000,182500,174995,183622.5,180000,190000,190000,205000,224995,259995,280000,295000,295000,306500,340000,342500
E12000006,East of England,E07000067,Braintree,119000,141000,160000,169995,173000,184995,187500,167500,180000,184150,185000,190000,205000,222000,250000,265000,277500,290000,290000,315000,325000
E12000006,East of England,E07000068,Brentwood,169000,205000,225000,235000,245000,250000,249995,247000,260000,252950,270000,271250,305000,325000,390000,405000,430000,405500,449950,475000,475000
E12000006,East of England,E07000069,Castle Point,120000,154000,169995,173500,180000,193000,205000,175000,192000,191750,194000,197500,211500,240000,265000,293000,295000,300000,302000,335000,355000
E12000006,East of England,E07000070,Chelmsford,135000,167500,180000,190250,196000,218000,219000,198275,220000,219995,225000,226000,245000,270000,300000,330000,345000,355000,355000,380000,385000
E12000006,East of England,E07000071,Colchester,111000,133000,155000,165000,170000,177997.5,175000,161975,174000,175000,180000,185500,190000,210000,230000,258000,272000,273000,275000,305000,308000
E12000006,East of England,E07000072,Epping Forest,177500,210000,227000,232000,249500,265000,270000,250000,283000,280000,280500,300000,330000,370000,407000,430000,450000,450000,475000,500000,510000
E12000006,East of England,E07000073,Harlow,112000,131000,143000,155000,159995,170000,171995,157000,166750,170000,175000,178000,190000,220000,255000,277750,280000,285000,290000,315000,325000
E12000006,East of England,E07000074,Maldon,133750,155000,181500,192997.5,198750,210000,222225,194000,206500,215000,207800,220000,230000,249972.5,279995,320000,320000,320000,325000,360000,375000
E12000006,East of England,E07000075,Rochford,134500,166000,182000,195000,198000,212050,225000,190000,212000,210000,210000,218000,232000,262000,292500,320000,335000,335000,335000,367500,385000
E12000006,East of England,E07000076,Tendring,95000,125000,140500,150000,156000,166000,171000,145000,150000,153000,152500,152000,160000,172000,185000,220000,227500,238000,240500,265000,270000
E12000006,East of England,E07000077,Uttlesford,177500,199995,221500,242000,245000,250000,269300,249999.5,270000,278500,282750,290000,315000,330000,357000,389995,411000,417500,415000,440000,458760
E12000006,East of England,E07000095,Broxbourne,146000,173575,185000,190000,195000,215000,219000,205000,217250,224500,225750,237000,250000,277000,325000,335000,351000,350000,367500,395000,409995
E12000006,East of England,E07000096,Dacorum,152000,180000,194997.5,205500,215000,229950,245000,222500,245000,240000,245000,246000,279999.5,311000,335000,375000,380000,372750,394000,425000,425000
E12000006,East of England,E07000098,Hertsmere,178000,205000,225000,235000,245000,267500,269975,250000,275000,285500,291500,299950,352750,380000,430000,450000,453000,435000,467077.5,530000,547500
E12000006,East of England,E07000099,North Hertfordshire,135500,164950,180450,185000,201000,217500,218995,199997.5,216000,227500,225000,225000,245475,279000,315000,335000,335000,350000,367225,397500,395000
E12000006,East of England,E07000102,Three Rivers,187000,209000,235000,240000,250000,272250,275000,250000,292000,299975,315000,325000,350000,400500,444995,465000,472000,465000,474000,495000,560000
E12000006,East of England,E07000103,Watford,137500,165000,177500,190000,195000,215811,226750,202250,213975,214975,225000,227500,250000,289950,337000,360000,365000,360000,378000,395000,407200
E12000006,East of England,E07000143,Breckland,92500,116950,135000,142000,148000,163000,157000,147000,155000,152000,155000,155000,167500,177000,195995,209000,223500,218000,225000,251983,260000
E12000006,East of England,E07000144,Broadland,112785,135000,147500,159000,166000,182950,185000,160000,170000,167500,173225,177000,190000,205000,220000,238500,246000,255000,256092,275000,300000
E12000006,East of England,E07000145,Great Yarmouth,72000,89950,115000,120000,122000,136000,133250,130000,136000,129950,132500,135000,137000,146000,152250,165000,172000,180000,187500,208000,213000
E12000006,East of England,E07000146,King's Lynn and West Norfolk,90000,115995,133800,145000,148000,156125,158000,149500,154885,151250,150000,155000,160000,170000,182500,200000,210000,219995,225000,255000,260000
E12000006,East of England,E07000147,North Norfolk,105000,130000,152000,163500,167500,178000,186000,169950,175000,173500,172500,180000,192000,200000,220000,235000,246000,250000,260000,295000,300000
E12000006,East of England,E07000148,Norwich,86997.5,109000,122000,129000,135887.5,155000,152500,134975,144000,139950,141000,147000,155000,165000,172000,186000,190500,192000,198000,218000,228500
E12000006,East of England,E07000149,South Norfolk,114500,140000,155000,165000,175000,187500,184000,165000,178475,175475,175000,181000,190000,205000,225000,243500,250997.5,260000,260000,283500,290000
E12000006,East of England,E07000200,Babergh,124995,141500,160000,168725,179000,195000,195000,172250,192750,190000,195000,190000,218000,225000,250000,267500,275000,280000,285000,320000,330000
E12000006,East of England,E07000202,Ipswich,84000,100000,119000,128000,133500,141500,140000,120000,128000,131250,134000,136497.5,147500,158000,165000,182500,190000,200000,200500,225000,230500
E12000006,East of England,E07000203,Mid Suffolk,117000,135975,159000,167500,169950,182000,185000,168500,180000,180000,176000,177000,193000,208000,225000,255000,264697.5,260000,266000,300000,300000
E12000006,East of England,E07000240,St Albans,208000,238000,249950,267000,284995,309950,311750,300000,340000,350000,345000,360000,395000,440000,491500,518500,537500,530000,549100,580000,625000
E12000006,East of England,E07000241,Welwyn Hatfield,147500,175000,195000,195000,205000,210000,222500,220000,232000,240000,235000,249950,264000,295000,350000,370000,370000,374000,380000,415000,435000
E12000006,East of England,E07000242,East Hertfordshire,163000,192000,209000,222500,232500,245000,249995,230000,245000,250000,250000,274997.5,287500,311000,354950,383000,387000,405000,412500,430000,430000
E12000006,East of England,E07000243,Stevenage,110000,133500,144950,155000,158000,170000,175000,160000,166000,167500,167000,170000,189475,219995,249995,264000,275000,270000,275000,305000,325000
E12000006,East of England,E07000244,East Suffolk,96000,122950,140000,150000,155000,170000,175000,160000,174300,172375,170000,172000,180000,200000,210000,230000,235000,236000,247500,275000,280000
E12000006,East of England,E07000245,West Suffolk,106000,125000,147500,156000,160300,174000,178000,160000,169000,170000,168000,174995,186000,209000,220000,235000,248000,251792,250000,275000,285000
E12000007,London,E09000001,City of London,240000,290000,280000,305000,323000,395000,377500,381250,452500,455000,474000,575000,700000,823750,800000,849975,888099,919325,895000,756250,725000
E12000007,London,E09000002,Barking and Dagenham,107000,137000,155750,163000,165000,180000,191000,163500,167000,170000,172000,178500,205000,235000,277000,302000,305000,315250,320000,335000,365000
E12000007,London,E09000003,Barnet,196000,225000,248820,250000,265000,289997.5,288000,280000,317250,327000,325000,335000,390000,440000,470000,512000,515000,515000,554600,572000,605000
E12000007,London,E09000004,Bexley,132000,159000,173000,182000,190000,208000,215000,195000,210000,217000,211000,220000,249000,271000,321997.5,335000,350000,355000,366000,390000,420000
E12000007,London,E09000005,Brent,179000,207000,223000,235000,248500,274000,283000,270000,280000,300000,317250.5,340000,374225,400000,450000,475000,495000,497500,490000,525000,555000
E12000007,London,E09000006,Bromley,170000,199000,220000,230000,240000,250000,260000,247000,270000,275000,275000,287500,325000,365000,408995,435000,440000,440000,450000,496000,510000
E12000007,London,E09000007,Camden,271175,280000,295000,320000,345000,399950,440000,410000,460000,490000,495000,570000,650000,681000,737250,766875,760000,775000,800000,765000,800000
E12000007,London,E09000008,Croydon,143000,168000,183000,194000,199950,219950,230000,205000,215000,219997.5,226000,235000,250000,295000,331000,360272.5,375000,385000,388500,415000,417000
E12000007,London,E09000009,Ealing,181500,209950,227500,237000,243000,260000,280000,250000,274950,286000,303000,325000,370000,415000,460000,489950,467500,470000,485000,520500,550000
E12000007,London,E09000010,Enfield,145000,175000,189000,200000,207000,227000,236000,225000,235000,240000,245000,250000,280000,320000,375000,402000,400000,408250,418000,460000,458000
E12000007,London,E09000011,Greenwich,142500,165000,177500,195250,207500,218995,234000,218000,240000,249999,245000,255000,310000,331800,385000,420000,430000,457800,446200,460000,450000
E12000007,London,E09000012,Hackney,175000,195000,210000,220000,240000,250000,272500,267397.5,295000,295000,320000,368000,420000,461500,537000,530000,550000,577000,635000,597687.5,600000
E12000007,London,E09000013,Hammersmith and Fulham,250000,276000,302000,317500,345000,395000,425000,410000,460000,460000,475000,550000,625000,729700,730000,765000,790000,727500,775000,775000,785000
E12000007,London,E09000014,Haringey,170000,190000,207500,223500,231000,250000,270000,250000,280000,303000,310000,330000,385000,421700,460000,530000,521000,515000,510000,550000,587000
E12000007,London,E09000015,Harrow,186975,225000,240000,249000,250000,275000,284000,250000,283000,295000,300000,315000,355000,387000,443875,500000,475500,458000,468500,530000,550000
E12000007,London,E09000016,Havering,138000,168125,185000,195000,200000,218000,226000,200000,218500,219995,220250,230000,249995,279995,325000,350000,360000,365000,376750,400000,435000
E12000007,London,E09000017,Hillingdon,159000,187000,205000,216000,226000,240000,248000,230000,246500,250000,250000,260000,295000,339150,390000,415000,415000,412000,425000,455000,475000
E12000007,London,E09000018,Hounslow,167995,193000,210000,220000,231250,247000,250000,238995,248000,250000,260000,276750,310000,340000,390000,380000,410000,410000,422500,455000,470000
E12000007,London,E09000019,Islington,235000,248750,249999,268320,285000,335000,355000,340000,372000,405000,405000,445000,500000,576500,605000,615500,589000,600000,650000,645000,665000
E12000007,London,E09000020,Kensington and Chelsea,390000,395000,450000,460000,499950,635000,665000,675000,735000,782580,875000,952500,1150000,1195625,1165000,1300000,1450000,1300000,1254500,1250000,1400000
E12000007,London,E09000021,Kingston upon Thames,189950,215000,230000,240000,246500,280000,293000,265000,295000,300000,311000,330000,373750,400000,450000,485000,485000,490000,492750,527000,555000
E12000007,London,E09000022,Lambeth,188000,204675,217500,225000,242000,270000,280000,265000,301500,305000,320000,340000,407100,450000,499950,515000,525000,532000,565000,562000,548250
E12000007,London,E09000023,Lewisham,138000,160000,176000,185000,199950,217500,230000,215000,228000,237000,245000,250000,299725,348000,387150,420000,409500,430000,430000,470000,465000
E12000007,London,E09000024,Merton,179000,199950,220000,230000,240000,250000,269000,247000,282500,295000,289000,312500,375000,396500,457000,457750,479000,470000,485000,545000,570000
E12000007,London,E09000025,Newham,133000,166000,185000,195000,209000,225000,239995,202000,216000,215000,219000,226000,250000,292650,340000,390000,410000,414500,410000,435000,430000
E12000007,London,E09000026,Redbridge,159000,189000,215000,221000,232997.5,250000,250000,230000,243000,250000,262500,271000,290000,340000,380000,415000,430000,425500,430000,490000,490000
E12000007,London,E09000027,Richmond upon Thames,245000,265000,288000,295000,320000,370000,390000,350000,405000,420000,425000,460000,510000,565000,605000,640000,628475,635000,661000,700000,768000
E12000007,London,E09000028,Southwark,187950,200000,220000,237000,242500,268000,285000,283000,305000,323000,325000,345000,399950,461000,500000,532500,555000,560000,525000,555000,542500
E12000007,London,E09000029,Sutton,150000,172950,185000,199950,206000,227000,240000,213000,225000,235000,240000,250000,272000,314000,345000,359975,385000,380000,390000,428000,442500
E12000007,London,E09000030,Tower Hamlets,197500,208250,227850,240000,245000,275000,299950,280000,305000,300000,302100.5,315500,375000,409640,462587.5,485000,485000,490000,515000,570000,525000
E12000007,London,E09000031,Waltham Forest,140000,167250,185000,197500,207068.5,231500,240000,210000,225000,230000,240000,250000,300000,360000,406000,442267,450000,442000,460000,497662.5,510000
E12000007,London,E09000032,Wandsworth,227000,240000,259950,272000,298944,350000,358500,340000,375000,389500,404995,450000,515000,545000,625000,657095,617500,625000,670000,645000,695000
E12000007,London,E09000033,Westminster,310000,325000,341750,370000,410000,449974.5,499950,495000,557500,610000,605000,730000,830000,877625,980000,1050000,1060000,938000,1000000,868000,995000
E12000008,South East,E06000035,Medway,91000,115000,130000,137000,140000,155000,160000,140000,151000,150000,150000,159000,167000,185000,212500,232000,243000,247000,255000,280000,288995
E12000008,South East,E06000036,Bracknell Forest,154500,175000,180000,186875,197950,218000,223500,200000,233000,220750,235000,240000,257250,285000,320000,335000,336500,350000,360000,380000,380000
E12000008,South East,E06000037,West Berkshire,165000,185000,199995,212000,220000,242950,247000,227500,239950,247200,244725,250000,250000,286250,325000,336250,345000,349950,340000,380000,375000
E12000008,South East,E06000038,Reading,139950,157995,166250,178000,180000,199950,202250,184950,193000,190000,195500,200000,220000,246000,279475,295000,310000,307000,302500,320000,330000
E12000008,South East,E06000039,Slough,124950,145125,164000,175000,177500,190000,199950,179250,185000,190000,195000,207000,220000,249000,280000,315000,320000,322000,325000,350000,354475
E12000008,South East,E06000040,Windsor and Maidenhead,215000,246000,249950,272000,282000,307000,315000,290900,320000,327250,326000,335000,375000,415000,450000,485000,458100,460000,495000,510000,527000
E12000008,South East,E06000041,Wokingham,190000,217500,230000,240750,247500,275000,274434,249999,269950,275000,275000,281000,311000,365000,409995,420000,425000,415000,420000,450000,475000
E12000008,South East,E06000042,Milton Keynes,112000,131747.5,150000,159950,164000,175000,177250,158000,178548.5,177000,180000,189997.5,200000,225000,247500,265000,280000,285000,300000,323000,320000
E12000008,South East,E06000043,Brighton and Hove,142500,163700,177000,192000,200000,230000,237500,210000,235000,240000,240000,249500,270000,295000,320000,345000,345000,360000,360000,407500,417500
E12000008,South East,E06000044,Portsmouth,96350,118500,133000,138000,142500,153500,157000,142000,150000,149000,150000,150000,162500,170000,185000,200000,210000,210000,218000,237000,250000
E12000008,South East,E06000045,Southampton,108500,130000,144950,149999,153500,162575,161250,147000,162000,161250,159950,159950,168000,178000,190000,205000,213000,215000,220000,233000,250000
E12000008,South East,E06000046,Isle of Wight,105000,128000,148000,158000,167000,176000,180000,165000,175000,170000,172000,170000,179950,184997.5,190000,200000,204000,210000,220000,260000,256000
E12000008,South East,E06000060,Buckinghamshire,169950,193500,214950,225000,237500,249950,260000,245000,265000,270000,270000,275000,297500,320000,350000,380000,385000,390000,400000,435000,450000
E12000008,South East,E07000061,Eastbourne,115500,140000,157500,165000,165000,178000,187000,162500,180000,175000,175000,172500,184000,199950,218000,229950,238000,242500,248000,272500,280000
E12000008,South East,E07000062,Hastings,84500,103500,125000,130000,137000,145000,151250,137500,147000,148000,150500,155000,162000,167500,189950,205000,218225,225000,230000,270000,285000
E12000008,South East,E07000063,Lewes,138000,163000,182500,195000,205000,224950,233000,208500,220000,230000,228000,235000,249950,274975,291500,308250,320000,320000,321750,375000,383500
E12000008,South East,E07000064,Rother,129000,160000,176000,182000,193000,206000,222250,201965,215000,215000,217000,225000,229950,245000,267247.5,273000,285000,290000,310000,347000,350000
E12000008,South East,E07000065,Wealden,145000,178000,194000,210000,211500,226000,240631,215000,237247.5,234000,233500,239995,249950,267000,285000,310000,316000,312500,329995,370000,380000
E12000008,South East,E07000084,Basingstoke and Deane,145000,165000,183500,194000,187000,210000,210000,190000,210000,210000,220000,222500,237250,245000,275000,302500,318000,306000,317500,335000,340000
E12000008,South East,E07000085,East Hampshire,166181,194000,209950,224000,230500,249999.5,249999,237000,260000,265000,259950,267000,285000,310000,340000,360000,365000,375500,367500,410000,430000
E12000008,South East,E07000086,Eastleigh,131997.5,156000,175000,181000,185000,194826,202000,185000,194950,199995,205000,210000,220000,237000,257500,280000,295000,300000,300000,320000,325000
E12000008,South East,E07000087,Fareham,137950,163000,175000,181600,189995,200000,207000,189500,200000,202500,210000,212000,224995,243250,255000,280000,285000,289500,298000,320000,335000
E12000008,South East,E07000088,Gosport,94000,120000,130000,138000,139950,145375,149995,136000,143000,140825,147500,147500,155800,165000,179950,199000,203250,205000,215000,230000,242000
E12000008,South East,E07000089,Hart,189950,215000,230000,239950,240000,268250,279950,249950,270000,285000,290000,295000,325000,360000,385000,402250,397500,392500,417000,430000,455000
E12000008,South East,E07000090,Havant,124995,140875,161000,166250,175000,186625,187000,172500,189950,185000,185000,195000,215000,225000,245000,260000,263000,268000,284995,312500,306732
E12000008,South East,E07000091,New Forest,151000,185000,202000,218750,225950,237000,240000,221000,240100,245000,244000,245000,250000,281000,297250,315000,325000,327250,340000,380000,390000
E12000008,South East,E07000092,Rushmoor,132975,156000,164950,175000,179950,190000,200000,180750,192000,202000,200000,205000,224950,246000,275000,299950,295000,300000,297500,322750,335000
E12000008,South East,E07000093,Test Valley,152950,172975,195000,199997.5,217000,227000,238000,218500,232000,237500,235000,235000,240000,255000,279995,294995,307000,305000,314000,337000,360000
E12000008,South East,E07000094,Winchester,193000,210000,236000,247000,249950,273000,285000,250000,280000,298000,294999.5,305000,320000,350000,365000,405000,406000,417500,420000,465000,466500
E12000008,South East,E07000105,Ashford,125995,148500,165000,170000,180000,192600,196000,175000,189475,180000,185000,194000,212500,230000,242500,265000,285000,280000,300000,320000,328000
E12000008,South East,E07000106,Canterbury,123500,150000,170000,180000,183000,197500,200300,174995,199995,200000,203000,208000,222500,240000,265000,285000,295000,300000,315000,344497.5,350000
E12000008,South East,E07000107,Dartford,120000,145000,159995,167000,176000,190000,200000,175000,180000,185000,193000,200000,214997.5,246250,276000,305950,308000,310000,320000,335000,360000
E12000008,South East,E07000108,Dover,91000,113000,135000,146975,149995,166500,167000,151000,165000,155000,160000,165000,182000,192000,210000,226000,244000,250000,250000,280000,300000
E12000008,South East,E07000109,Gravesham,115000,136000,154000,162000,164345,178000,182000,165000,175000,179497.5,180000,189950,199995,222000,255000,279500,290000,291000,300000,330000,355000
E12000008,South East,E07000110,Maidstone,132000,155000,175000,180000,187000,205000,211111,180000,200000,198000,202000,207500,220550,245000,265000,294995,309250,313000,318000,348000,350000
E12000008,South East,E07000111,Sevenoaks,175000,200000,225000,235000,248000,265000,268000,250000,258750,284000,283250,287500,313000,350000,360000,383625,416522,394000,415000,440000,474750
E12000008,South East,E07000112,Folkestone and Hythe,98000,125000,147500,160000,165000,177000,185000,170000,175000,175000,175500,180000,185000,200000,220000,245000,250000,260000,267250,304750,315000
E12000008,South East,E07000113,Swale,99995,125000,138125,147500,155000,163500,168000,150000,159200,155000,160000,163000,179000,190000,218000,235000,245000,250000,250000,286000,295000
E12000008,South East,E07000114,Thanet,87500,112500,130000,141500,153000,164972.5,165000,150000,160000,153000,156000,157000,168250,179250,198000,216950,229000,240000,247000,285000,297000
E12000008,South East,E07000115,Tonbridge and Malling,157500,179950,199950,205000,222000,238000,240000,210000,234497.5,240000,232250,247500,267000,284000,319247.5,340000,346000,350000,350000,375000,401750
E12000008,South East,E07000116,Tunbridge Wells,154880.5,179950,202500,220000,228000,245000,242000,220000,250000,240000,250000,250000,265000,299995,335000,357500,370000,380000,390000,435000,425000
E12000008,South East,E07000177,Cherwell,132375,157000,170000,175000,183000,195000,202500,188250,202500,210000,210000,220000,240000,255000,295000,299995,312000,315000,305000,335000,330000
E12000008,South East,E07000178,Oxford,171500,201000,217500,225000,235000,250000,267500,235250,250000,257000,270000,285000,305000,340000,370000,395500,394000,390000,400000,435000,445775
E12000008,South East,E07000179,South Oxfordshire,176000,202550,217750,229950,241475,270000,271000,249999,275000,270000,280000,278250,296000,325000,355000,381600,385000,390000,392500,440000,430000
E12000008,South East,E07000180,Vale of White Horse,165000,185000,200000,210000,225000,244950,247500,220000,245000,244000,250000,250000,275000,300000,325000,340000,350000,339250,350000,375000,375000
E12000008,South East,E07000181,West Oxfordshire,159000,187500,200000,197997.5,212000,230000,228000,211000,225000,234500,240000,245000,250000,280000,305000,330000,335000,342500,349972.5,367200,370000
E12000008,South East,E07000207,Elmbridge,239950,250000,285000,290000,317500,347000,372500,350000,395000,385000,405000,430000,450000,495000,527000,570500,570000,578000,599500,625000,700000
E12000008,South East,E07000208,Epsom and Ewell,200000,225000,242000,250000,267000,293750,287750,250000,309950,318750,315000,324500,355000,402250,450000,472500,475000,470000,476000,518000,560000
E12000008,South East,E07000209,Guildford,187000,210000,235000,245000,250000,275000,280500,250000,295000,299950,305750,310000,335000,372000,410000,430000,450000,430000,450000,485000,505000
E12000008,South East,E07000210,Mole Valley,222000,244390,257000,285000,294995,295050,325000,300000,337500,350000,360000,380000,385000,421000,475000,499950,480000,475000,515000,555000,550000
E12000008,South East,E07000211,Reigate and Banstead,172000,199950,224000,235000,239000,250000,265000,240000,275000,275000,265000,287747.5,315500,347500,380000,395000,405000,410000,425000,458000,465500
E12000008,South East,E07000212,Runnymede,182500,207250,224000,235000,240000,260000,270773,249999,250000,269975,259950,275000,312000,335000,370000,399950,400000,390000,415000,440000,460000
E12000008,South East,E07000213,Spelthorne,173000,193975,206000,212250,225000,242000,245000,232500,242000,249950,250000,260000,279975,320000,365000,394950,382000,387150,400750,425000,430000
E12000008,South East,E07000214,Surrey Heath,190000,225000,233125,238000,240000,268000,262000,249250,273000,273000,282750,295000,311500,345000,370000,396500,412000,423000,435000,445000,450000
E12000008,South East,E07000215,Tandridge,185000,224000,240000,242250,256000,268500,279950,250000,292000,300000,285000,304250,329950,375000,390000,415000,415000,427000,440000,475000,500000
E12000008,South East,E07000216,Waverley,197000,227500,245000,250000,275000,295000,307250,281000,315000,329950,330000,340000,358000,390000,425000,440000,475000,457500,480000,525000,535000
E12000008,South East,E07000217,Woking,169950,195000,210000,222500,235000,249950,250000,240000,249999,250000,250000,262250,289950,331950,375000,400000,390000,390000,400000,440000,430000
E12000008,South East,E07000223,Adur,128500,150000,167000,180000,185000,204000,212250,184000,200000,205000,210000,220000,230000,260000,285000,300000,305000,312500,315000,350000,375000
E12000008,South East,E07000224,Arun,129950,157000,172500,180000,185000,204000,210000,185000,209000,203000,208000,215000,225000,240000,264995,275000,285000,285000,290000,325000,340000
E12000008,South East,E07000225,Chichester,159500,195500,225000,231000,240000,249950,250000,240000,250000,266000,268000,271000,288000,311000,335000,355000,370000,360000,380000,405000,425000
E12000008,South East,E07000226,Crawley,125000,147000,163000,173000,175000,194950,203000,174999,180000,181725,186000,195000,220000,245000,265525,280000,295000,290000,295000,310000,321250
E12000008,South East,E07000227,Horsham,172500,197500,217000,225000,237500,249950,250000,230000,260000,258750,270000,282500,308000,335000,355000,370000,380000,375000,399950,420000,425000
E12000008,South East,E07000228,Mid Sussex,158500,188500,209950,218000,225000,243950,249999,230000,246500,250000,248375,265000,290000,315000,350000,365000,370000,380000,375000,410000,430000
E12000008,South East,E07000229,Worthing,120000,147000,160000,166000,174500,192000,194000,174375,195000,195000,199950,204950,220000,241000,258500,279725,295000,285750,290000,327555.5,338000
E12000009,South West,E06000022,Bath and North East Somerset,140000,169950,185000,196500,204000,227000,225000,200000,227500,230000,230000,235000,245000,268000,292000,315000,325000,324995,330000,365750,365000
E12000009,South West,E06000023,"Bristol, City of",107500,131250,142500,150000,157950,172500,173887.5,160000,170000,171000,172000,175000,190000,208000,237000,255000,263670,269000,280000,312000,330000
E12000009,South West,E06000024,North Somerset,110000,133000,154500,165000,172000,185000,191000,175000,190000,185000,183000,189375,200250,215000,226000,237500,250000,257950,270000,302000,299972.5
E12000009,South West,E06000025,South Gloucestershire,115000,136000,150000,160000,165500,183000,185000,167000,184000,180000,185000,188346,200000,222000,240000,256500,269000,275000,290000,302500,320000
E12000009,South West,E06000026,Plymouth,76950,90000,115000,131000,137000,149500,145500,139000,145000,142000,143000,145000,155000,162000,165000,169000,175000,178000,182500,195000,205000
E12000009,South West,E06000027,Torbay,95000,120000,142000,155000,158950,170000,170000,155000,163250,160000,158125,160000,168000,175000,180000,188000,195000,198000,202000,232000,245000
E12000009,South West,E06000030,Swindon,110995,125000,135000,139500,146500,157923,157500,140000,155000,150000,150000,154972.5,161000,175000,195000,214000,228000,230000,230000,245000,250000
E12000009,South West,E06000052,Cornwall,101000,135000,162000,175000,180000,195000,195575,175000,185000,187000,185000,185000,190000,200000,210000,215000,222500,226500,238000,275000,280000
E12000009,South West,E06000053,Isles of Scilly,185000,265000,300000,340000,295000,350000,295000,335000,300000,345000,330000,348750,235000,325000,287500,290000,321250,373750,285000,450000,245000
E12000009,South West,E06000054,Wiltshire,129950,152000,169000,178000,185000,195950,200000,182500,199000,203000,201500,200000,212000,225000,243000,259725,270000,275000,275000,300000,310000
E12000009,South West,E06000058,"Bournemouth, Christchurch and Poole",130000,157500,179950,187000,193000,209675,214000,190000,207000,209000,210000,210000,223000,238000,248750,265000,272000,280000,285000,320000,326000
E12000009,South West,E06000059,Dorset,139950,170000,192000,200000,210000,229950,235000,210000,225000,225000,230000,230000,239950,249950,265000,279972.5,285000,285000,296500,330000,337000
E12000009,South West,E07000040,East Devon,130300,162500,184995,194000,200000,220000,225000,205000,225000,223750,223975,218250,227500,241250,240000,264995,277000,275000,283000,310000,325000
E12000009,South West,E07000041,Exeter,105000,134125,155000,162500,169950,180000,184000,171500,179950,185000,182500,188550,197000,218747.5,225000,240000,250000,249950,259500,277500,285000
E12000009,South West,E07000042,Mid Devon,115000,137701.5,160000,170000,172000,187200,193000,174475,181560,182500,182000,190000,187500,199000,210000,219000,235000,233250,251000,274950,290000
E12000009,South West,E07000043,North Devon,114000,139950,164500,179000,186750,200000,190000,175000,190000,186000,190250,187500,200000,212000,219000,228000,235000,249995,257000,280000,295000
E12000009,South West,E07000044,South Hams,138750,174500,195000,220000,230000,249125,250000,225000,245000,242500,230000,239950,250000,270000,275000,282000,299950,292500,315000,350000,385000
E12000009,South West,E07000045,Teignbridge,117000,143000,166000,180000,185950,198000,195000,182500,194950,195000,194000,197995,206375,217300,226000,237500,245500,245000,254000,280000,289725
E12000009,South West,E07000046,Torridge,106950,135225,159995,169950,174950,183500,185500,170000,188000,180000,176875,177000,186000,195000,199950,207500,220000,224950,225000,265000,277000
E12000009,South West,E07000047,West Devon,120000,144950,170000,185000,195000,210000,206000,182000,189950,187975,188000,195000,192250,205000,218250,210000,232500,245000,260000,290000,282500
E12000009,South West,E07000078,Cheltenham,125000,143000,165000,175000,180000,187000,195000,175000,195250,195000,199000,201000,215000,225000,234000,255000,266000,269975,270000,310000,295000
E12000009,South West,E07000079,Cotswold,163000,195000,222250,239500,247000,250000,268000,250000,275000,265000,260000,270000,290000,304500,330000,350000,350000,355000,362500,410050.5,411000
E12000009,South West,E07000080,Forest of Dean,98250,124500,144000,160000,164000,180000,180000,163500,173500,171997.5,168497.5,160000,168500,178750,190000,200000,211000,229250,235000,272997.5,265000
E12000009,South West,E07000081,Gloucester,85500,109000,125000,131000,140000,154000,154950,138000,145000,138725,145000,145000,154000,165000,175000,180000,190000,200000,210500,225000,233000
E12000009,South West,E07000082,Stroud,120000,147500,169950,179950,180000,200000,200000,185000,188000,190000,187500,192500,206995,219250,230000,249997,273500,267000,275000,310250,311525
E12000009,South West,E07000083,Tewkesbury,117000,143000,158750,168500,170500,189950,197500,170000,184995,186300,189950,195000,209000,224995,234995,250000,268995,269995,277000,300000,300000
E12000009,South West,E07000187,Mendip,111950,132995,155000,168000,166000,184950,188950,170000,179000,180000,178000,185000,194997.5,210000,227500,240000,260000,262500,268975,295000,307125
E12000009,South West,E07000188,Sedgemoor,98000,119000,146250,152500,157000,169995,172500,158000,167000,162972.5,167000,168000,170000,176995,188000,205000,212000,215000,220000,245000,250000
E12000009,South West,E07000189,South Somerset,105000,130000,152000,162950,165000,179000,180000,168000,175000,175000,174000,175000,182000,190000,194812.5,210000,220000,220997.5,230000,260000,257000
E12000009,South West,E07000246,Somerset West and Taunton,110000,135000,155000,170000,168000,183000,185000,172000,184995,180000,180000,181750,190000,199950,204995,215000,225000,229995,235000,264000,267500
W92000004,Wales,W06000001,Isle of Anglesey,68625,83000,116000,128000,139000,156250,154000,145650,150000,143250,150000,145000,147250,153225,161750,165000,169975,170000,185000,203750,231750
W92000004,Wales,W06000002,Gwynedd,59950,78500,103000,127250,138000,146625,145000,135000,140000,134500,135000,137000,135000,145000,145000,147000,155000,158000,159950,176000,185000
W92000004,Wales,W06000003,Conwy,70000,91500,120500,142500,143000,150000,149950,138000,147500,145000,140000,140000,147000,145000,150000,158000,159000,165000,170000,195000,200000
W92000004,Wales,W06000004,Denbighshire,60000,80000,100000,119950,127000,131475,132350,122500,129950,125000,125000,125000,125000,135000,136700,139950,146000,145000,158000,180000,180000
W92000004,Wales,W06000005,Flintshire,70000,86000,112000,127500,130950,142500,139475,135000,135000,136000,139995,138000,140000,152500,155250,157000,160000,165000,170000,185000,190000
W92000004,Wales,W06000006,Wrexham,68500,86725,114000,126500,134000,140000,139950,132500,130000,128750,135975,129950,135000,138500,143750,146750,150000,155000,155000,172000,180000
W92000004,Wales,W06000008,Ceredigion,79950,100000,136000,150000,165000,176000,179500,160000,175000,170000,166500,157000,165000,168000,172000,175000,178000,190000,183000,215000,235500
W92000004,Wales,W06000009,Pembrokeshire,72000,92600,125000,144000,153500,166000,165000,165000,165000,153374,156000,152997.5,150000,158000,160000,162000,170000,172000,180000,195200,215000
W92000004,Wales,W06000010,Carmarthenshire,51500,67500,92500,116000,122500,132000,135000,122500,127000,125000,125000,120000,125000,129995,134997.5,135000,136000,140000,145000,167997.5,173000
W92000004,Wales,W06000011,Swansea,60000,75000,100000,119995,128000,132550,135000,132500,132500,127000,125000,125000,130000,133000,137000,139250,142000,150000,155000,174500,180000
W92000004,Wales,W06000012,Neath Port Talbot,46000,51200,70000,87500,91000,103000,108250,100000,94975,98000,97500,96000,100000,106500,105000,110000,115000,116000,124000,135000,143750
W92000004,Wales,W06000013,Bridgend,61200,75000,97000,115000,120000,125000,125000,120000,124950,123000,120000,125000,128995,137500,143000,148000,150000,156500,163425,177000,191000
W92000004,Wales,W06000014,Vale of Glamorgan,87500,105000,131725,142000,150000,160000,165000,165000,170000,165000,166500,173000,180000,184000,197250,210000,214997.5,220000,227000,255000,265000
W92000004,Wales,W06000015,Cardiff,95000,120000,140000,150000,154000,160000,158000,148000,160000,155000,160000,163500,165000,170000,179950,183500,197500,203000,215000,240500,250000
W92000004,Wales,W06000016,Rhondda Cynon Taf,44000,52000,67950,80625,88250,95000,96000,90000,90000,89500,90000,90000,94000,103750,110600,108500,110000,114000,116500,134950,138550
W92000004,Wales,W06000018,Caerphilly,52500,66000,84750,98500,114000,120000,122000,103950,110000,108400,109000,111000,120000,119475,121000,122000,127000,135000,140000,155000,168000
W92000004,Wales,W06000019,Blaenau Gwent,35950,37000,55000,72500,77500,84000,85000,74000,75000,71500,72000,70000,75000,78000,79950,83000,83000,89950,92000,108500,125000
W92000004,Wales,W06000020,Torfaen,55000,69500,89100,102000,110000,120000,120725,111000,115497.5,118000,120000,117500,122000,121000,125000,130000,145000,153000,162000,170000,176000
W92000004,Wales,W06000021,Monmouthshire,112000,130000,155000,180000,174000,194950,189995,174950,185000,189975,195000,185000,200000,212420,210000,225000,240995,254995,259997.5,291497.5,301250
W92000004,Wales,W06000022,Newport,74000,88000,113000,125950,130000,138995,135500,120000,125000,124950,124999.5,130000,135000,148500,154950,157250,162995,178000,177500,203000,201000
W92000004,Wales,W06000023,Powys,80000,98250,134950,145000,155000,165000,165000,150000,163000,154997.5,155750,158000,160000,162500,165000,174500,180000,180000,180000,215000,230000
W92000004,Wales,W06000024,Merthyr Tydfil,36950,41500,54000,72000,82000,89950,92500,87000,87370,85000,85000,83500,89000,90000,89972.5,95000,92500,97500,117000,124250,132000
